customer_id,name,city
1,John Nowak,Warsaw
2,John Smith,warsaw
3,Jan Kowalski,gdansk
4,Anna Zielinski,Warsaw
5,Maria Wozniak,Warsaw
6,Anna Nowak,warsaw
7,Jan Zielinski,Gdansk
8,Anna Zielinski,warsaw
9,John Zielinski,krakow
10,Jan Wozniak,Gdansk
11,Piotr Nowak,Poznan
12,Marek Kowalski,gdansk
13,Kasia Smith,Krakow
14,Jan Kowalski,Poznan
15,Piotr Nowak,Warsaw
16,Kasia Nowak,Krakow
17,Marek Smith,Gdansk
18,Piotr Nowak,gdansk
19,Kasia Zielinski,Warsaw
20,Kasia Nowak,Gdansk
21,Piotr Zielinski,Poznan
22,Piotr Zielinski,warsaw
23,John Nowak,Warsaw
24,John Kowalski,Poznan
25,Piotr Nowak,Poznan
26,Jan Nowak,krakow
27,Piotr Wozniak,gdansk
28,Marek Smith,warsaw
29,Piotr Smith,warsaw
30,John Smith,gdansk
31,John Nowak,Gdansk
32,John Kowalski,Gdansk
33,John Kowalski,warsaw
34,Kasia Wozniak,Krakow
35,John Zielinski,warsaw
36,John Smith,Poznan
37,Marek Nowak,warsaw
38,Marek Nowak,Poznan
39,Piotr Wozniak,Krakow
40,Anna Kowalski,Gdansk
41,John Smith,warsaw
42,John Wozniak,krakow
43,John Wozniak,warsaw
44,Piotr Kowalski,warsaw
45,John Zielinski,Gdansk
46,Piotr Zielinski,krakow
47,Maria Wozniak,Krakow
48,Jan Kowalski,Gdansk
49,Kasia Nowak,Poznan
50,Anna Nowak,warsaw
51,John Kowalski,Poznan
52,John Wozniak,Gdansk
53,Anna Wozniak,krakow
54,Maria Wozniak,Gdansk
55,Piotr Zielinski,Poznan
56,Anna Nowak,gdansk
57,Maria Smith,Poznan
58,John Smith,Warsaw
59,Piotr Wozniak,warsaw
60,Kasia Nowak,gdansk
61,John Smith,Gdansk
62,Marek Kowalski,Gdansk
63,Anna Smith,Poznan
64,John Zielinski,Gdansk
65,Jan Kowalski,Krakow
66,Marek Kowalski,Gdansk
67,Marek Zielinski,Warsaw
68,Maria Smith,krakow
69,Anna Nowak,Krakow
70,Marek Smith,warsaw
71,Anna Kowalski,Gdansk
72,Anna Nowak,gdansk
73,Kasia Nowak,Poznan
74,Maria Kowalski,warsaw
75,John Wozniak,Gdansk
76,Jan Smith,Gdansk
77,Marek Zielinski,krakow
78,Jan Zielinski,Poznan
79,John Kowalski,gdansk
80,Piotr Wozniak,gdansk
81,John Smith,krakow
82,Maria Wozniak,Warsaw
83,Jan Kowalski,Warsaw
84,Piotr Nowak,Gdansk
85,Maria Kowalski,Gdansk
86,Jan Nowak,Warsaw
87,John Nowak,warsaw
88,Anna Nowak,Poznan
89,Piotr Nowak,Gdansk
90,Jan Smith,gdansk
91,Kasia Kowalski,Gdansk
92,Jan Zielinski,Gdansk
93,Kasia Kowalski,Poznan
94,Kasia Wozniak,warsaw
95,Anna Nowak,gdansk
96,Kasia Smith,krakow
97,Kasia Wozniak,Poznan
98,John Nowak,gdansk
99,John Nowak,Warsaw
100,Kasia Smith,Poznan
101,Marek Nowak,warsaw
102,Jan Kowalski,Gdansk
103,Kasia Kowalski,krakow
104,Jan Smith,krakow
105,Jan Nowak,krakow
106,Marek Zielinski,Warsaw
107,Anna Zielinski,Poznan
108,Anna Nowak,Poznan
109,Marek Kowalski,warsaw
110,Kasia Wozniak,krakow
111,Jan Wozniak,Warsaw
112,Jan Wozniak,Warsaw
113,Kasia Smith,Poznan
114,Marek Wozniak,Krakow
115,Kasia Zielinski,gdansk
116,John Wozniak,warsaw
117,Jan Smith,warsaw
118,Anna Zielinski,gdansk
119,Maria Nowak,gdansk
120,Piotr Nowak,Warsaw
121,Maria Wozniak,Gdansk
122,Marek Zielinski,warsaw
123,Anna Zielinski,Warsaw
124,Marek Kowalski,Warsaw
125,Maria Nowak,gdansk
126,Marek Kowalski,krakow
127,Anna Zielinski,warsaw
128,Maria Zielinski,Warsaw
129,Maria Nowak,krakow
130,John Zielinski,Gdansk
131,Maria Smith,Krakow
132,Jan Smith,warsaw
133,Piotr Wozniak,warsaw
134,John Smith,krakow
135,Piotr Nowak,Warsaw
136,Kasia Zielinski,Gdansk
137,Anna Nowak,Gdansk
138,Jan Zielinski,Krakow
139,Jan Smith,Warsaw
140,Jan Smith,Krakow
141,Jan Wozniak,Poznan
142,Maria Smith,Gdansk
143,Marek Zielinski,Warsaw
144,John Zielinski,Krakow
145,John Nowak,warsaw
146,Piotr Nowak,Warsaw
147,John Zielinski,warsaw
148,Piotr Smith,Gdansk
149,Jan Smith,warsaw
150,John Smith,Gdansk
151,Kasia Smith,Poznan
152,Anna Nowak,gdansk
153,Kasia Smith,Warsaw
154,Anna Smith,Poznan
155,Jan Smith,warsaw
156,John Wozniak,Gdansk
157,John Wozniak,Gdansk
158,Anna Nowak,Warsaw
159,John Kowalski,Gdansk
160,Anna Smith,Gdansk
161,Maria Kowalski,krakow
162,Jan Nowak,Krakow
163,Piotr Nowak,Krakow
164,Jan Kowalski,gdansk
165,Anna Smith,Poznan
166,Maria Wozniak,Gdansk
167,John Kowalski,warsaw
168,Marek Kowalski,Poznan
169,Marek Kowalski,krakow
170,Anna Kowalski,gdansk
171,Piotr Wozniak,Poznan
172,John Kowalski,Krakow
173,Jan Nowak,krakow
174,Marek Nowak,Poznan
175,Kasia Kowalski,warsaw
176,Marek Wozniak,Krakow
177,Piotr Kowalski,warsaw
178,Anna Kowalski,krakow
179,Piotr Smith,Poznan
180,Anna Smith,Krakow
181,John Zielinski,krakow
182,John Zielinski,Krakow
183,Anna Nowak,Krakow
184,Jan Zielinski,Krakow
185,Anna Nowak,Gdansk
186,Kasia Smith,gdansk
187,Marek Smith,krakow
188,Maria Zielinski,Warsaw
189,Kasia Zielinski,warsaw
190,Piotr Nowak,gdansk
191,Kasia Nowak,Gdansk
192,Marek Zielinski,gdansk
193,John Kowalski,Krakow
194,Kasia Nowak,gdansk
195,Piotr Zielinski,Krakow
196,John Nowak,gdansk
197,Piotr Zielinski,Krakow
198,John Wozniak,Krakow
199,Kasia Smith,Gdansk
200,Jan Kowalski,krakow
201,John Wozniak,gdansk
202,John Kowalski,Gdansk
203,Maria Smith,krakow
204,Maria Nowak,Krakow
205,Piotr Kowalski,krakow
206,Marek Zielinski,Gdansk
207,John Smith,krakow
208,Kasia Wozniak,gdansk
209,Jan Zielinski,krakow
210,Marek Kowalski,gdansk
211,Anna Smith,Gdansk
212,John Zielinski,Krakow
213,Anna Kowalski,gdansk
214,Piotr Kowalski,Poznan
215,Jan Kowalski,Warsaw
216,Anna Kowalski,krakow
217,Maria Nowak,krakow
218,Kasia Zielinski,warsaw
219,John Wozniak,krakow
220,Kasia Kowalski,warsaw
221,John Nowak,Poznan
222,Marek Nowak,Poznan
223,Kasia Kowalski,warsaw
224,Marek Zielinski,krakow
225,Anna Zielinski,warsaw
226,Marek Nowak,krakow
227,Jan Wozniak,gdansk
228,Maria Zielinski,Gdansk
229,Piotr Wozniak,Gdansk
230,Marek Zielinski,krakow
231,Marek Zielinski,krakow
232,Jan Wozniak,krakow
233,Piotr Kowalski,Poznan
234,John Smith,Poznan
235,Marek Zielinski,krakow
236,John Kowalski,Krakow
237,Kasia Nowak,gdansk
238,Piotr Kowalski,Krakow
239,Piotr Smith,Gdansk
240,Anna Kowalski,warsaw
241,Jan Wozniak,gdansk
242,Jan Kowalski,Warsaw
243,Kasia Wozniak,Krakow
244,Maria Wozniak,krakow
245,Anna Kowalski,Poznan
246,Kasia Wozniak,Poznan
247,Maria Nowak,Poznan
248,Marek Zielinski,krakow
249,Kasia Nowak,Krakow
250,Piotr Wozniak,Poznan
251,Marek Wozniak,Gdansk
252,John Zielinski,Poznan
253,Maria Kowalski,krakow
254,Jan Smith,krakow
255,Kasia Nowak,krakow
256,Piotr Wozniak,gdansk
257,Jan Wozniak,warsaw
258,Maria Zielinski,Warsaw
259,Kasia Zielinski,Gdansk
260,John Nowak,Warsaw
261,John Wozniak,warsaw
262,Marek Wozniak,warsaw
263,Anna Smith,krakow
264,Piotr Kowalski,krakow
265,Piotr Smith,Poznan
266,Kasia Smith,Poznan
267,Marek Wozniak,Krakow
268,Marek Nowak,krakow
269,Anna Zielinski,Warsaw
270,Piotr Kowalski,gdansk
271,Anna Nowak,Poznan
272,Anna Kowalski,warsaw
273,Marek Nowak,Gdansk
274,Jan Kowalski,warsaw
275,Kasia Nowak,Gdansk
276,Jan Wozniak,gdansk
277,Piotr Smith,warsaw
278,Maria Zielinski,gdansk
279,John Nowak,Poznan
280,Marek Kowalski,Krakow
281,Anna Zielinski,Warsaw
282,Piotr Zielinski,gdansk
283,Kasia Wozniak,gdansk
284,Jan Nowak,Gdansk
285,John Kowalski,Warsaw
286,John Smith,Poznan
287,John Zielinski,Poznan
288,Anna Zielinski,Poznan
289,Anna Smith,Gdansk
290,Kasia Smith,Warsaw
291,Maria Smith,Warsaw
292,Marek Wozniak,Poznan
293,Kasia Nowak,krakow
294,Piotr Wozniak,gdansk
295,Jan Wozniak,warsaw
296,John Zielinski,gdansk
297,Piotr Zielinski,Poznan
298,Maria Wozniak,krakow
299,Kasia Zielinski,Krakow
300,Piotr Kowalski,Poznan
301,Anna Smith,krakow
302,Jan Wozniak,Gdansk
303,Maria Wozniak,Krakow
304,Anna Wozniak,Poznan
305,Piotr Kowalski,krakow
306,Jan Smith,Poznan
307,Piotr Smith,Krakow
308,Maria Smith,Gdansk
309,Anna Zielinski,warsaw
310,Anna Kowalski,gdansk
311,Kasia Wozniak,Gdansk
312,Marek Kowalski,gdansk
313,Kasia Wozniak,krakow
314,Marek Nowak,Warsaw
315,Piotr Kowalski,krakow
316,John Kowalski,Krakow
317,John Zielinski,Krakow
318,Kasia Zielinski,Gdansk
319,Piotr Wozniak,gdansk
320,Maria Smith,Krakow
321,John Wozniak,Krakow
322,Piotr Smith,warsaw
323,Anna Kowalski,Krakow
324,Anna Zielinski,Poznan
325,John Kowalski,warsaw
326,Jan Wozniak,Krakow
327,John Zielinski,Poznan
328,Maria Zielinski,Krakow
329,Anna Kowalski,Krakow
330,Jan Smith,warsaw
331,Piotr Nowak,gdansk
332,Maria Kowalski,Krakow
333,Anna Nowak,Gdansk
334,Piotr Kowalski,gdansk
335,Marek Wozniak,Warsaw
336,Marek Nowak,Gdansk
337,Piotr Wozniak,krakow
338,Kasia Smith,warsaw
339,Anna Smith,Poznan
340,Kasia Nowak,Poznan
341,Anna Wozniak,krakow
342,Anna Zielinski,gdansk
343,John Nowak,warsaw
344,Jan Zielinski,Krakow
345,Anna Kowalski,Warsaw
346,Maria Wozniak,Gdansk
347,Maria Zielinski,warsaw
348,Marek Zielinski,krakow
349,Kasia Wozniak,Krakow
350,Marek Zielinski,krakow
351,Piotr Zielinski,Gdansk
352,Anna Zielinski,gdansk
353,Anna Kowalski,gdansk
354,Jan Smith,gdansk
355,Anna Kowalski,warsaw
356,Jan Zielinski,Warsaw
357,Jan Nowak,krakow
358,Kasia Zielinski,krakow
359,Piotr Nowak,warsaw
360,Piotr Smith,gdansk
361,Marek Wozniak,Warsaw
362,John Kowalski,Krakow
363,Marek Zielinski,gdansk
364,Marek Kowalski,krakow
365,Anna Zielinski,warsaw
366,John Kowalski,Krakow
367,Marek Kowalski,Warsaw
368,Anna Kowalski,Poznan
369,Piotr Zielinski,gdansk
370,Marek Zielinski,Krakow
371,Kasia Nowak,krakow
372,John Smith,gdansk
373,Kasia Smith,Gdansk
374,Maria Wozniak,krakow
375,Anna Zielinski,Warsaw
376,Kasia Smith,Gdansk
377,Piotr Nowak,Warsaw
378,Jan Zielinski,Gdansk
379,Anna Smith,Gdansk
380,Anna Kowalski,krakow
381,Maria Wozniak,Krakow
382,Jan Zielinski,krakow
383,John Wozniak,Warsaw
384,Kasia Smith,krakow
385,Piotr Smith,gdansk
386,Anna Kowalski,Krakow
387,Kasia Wozniak,Krakow
388,John Wozniak,Poznan
389,Marek Zielinski,Warsaw
390,Kasia Nowak,Krakow
391,Piotr Smith,Warsaw
392,Marek Wozniak,Poznan
393,Maria Nowak,gdansk
394,Marek Zielinski,krakow
395,Kasia Nowak,warsaw
396,Maria Smith,Gdansk
397,Marek Wozniak,gdansk
398,Kasia Nowak,warsaw
399,Piotr Zielinski,warsaw
400,Piotr Wozniak,gdansk
401,Kasia Nowak,Warsaw
402,John Zielinski,Poznan
403,Jan Kowalski,Krakow
404,Maria Nowak,Gdansk
405,Kasia Nowak,warsaw
406,Marek Nowak,krakow
407,Anna Kowalski,krakow
408,John Smith,Gdansk
409,John Smith,krakow
410,Marek Wozniak,krakow
411,Jan Wozniak,Gdansk
412,Jan Wozniak,warsaw
413,Maria Zielinski,gdansk
414,Jan Nowak,Krakow
415,Marek Wozniak,Krakow
416,Marek Zielinski,Krakow
417,Marek Nowak,Krakow
418,John Smith,Poznan
419,Maria Zielinski,gdansk
420,Kasia Kowalski,krakow
421,Maria Wozniak,Krakow
422,Piotr Zielinski,Poznan
423,Maria Wozniak,krakow
424,Piotr Kowalski,gdansk
425,Jan Zielinski,krakow
426,Jan Wozniak,Warsaw
427,Piotr Wozniak,gdansk
428,Marek Wozniak,krakow
429,John Kowalski,krakow
430,Anna Kowalski,Gdansk
431,Maria Smith,Poznan
432,Anna Wozniak,Warsaw
433,Maria Wozniak,Warsaw
434,John Kowalski,krakow
435,Marek Kowalski,Warsaw
436,Kasia Smith,Krakow
437,Maria Wozniak,gdansk
438,Anna Smith,Poznan
439,John Zielinski,krakow
440,Piotr Wozniak,Poznan
441,Maria Nowak,Gdansk
442,Anna Kowalski,gdansk
443,John Smith,warsaw
444,John Nowak,krakow
445,Anna Nowak,krakow
446,Jan Smith,Warsaw
447,Anna Smith,Poznan
448,Anna Smith,Krakow
449,Piotr Wozniak,warsaw
450,Jan Zielinski,krakow
451,Maria Kowalski,warsaw
452,Jan Nowak,Gdansk
453,Marek Wozniak,Gdansk
454,John Kowalski,krakow
455,Maria Kowalski,warsaw
456,Kasia Smith,krakow
457,Piotr Nowak,Poznan
458,Kasia Smith,gdansk
459,Maria Kowalski,Warsaw
460,Kasia Smith,Gdansk
461,Piotr Wozniak,gdansk
462,Piotr Wozniak,Poznan
463,Piotr Kowalski,krakow
464,Marek Wozniak,Warsaw
465,Jan Wozniak,Gdansk
466,Piotr Zielinski,Krakow
467,John Smith,Warsaw
468,Marek Wozniak,Krakow
469,Anna Zielinski,Poznan
470,John Nowak,Gdansk
471,John Wozniak,Poznan
472,Piotr Kowalski,Gdansk
473,Marek Smith,warsaw
474,John Kowalski,Gdansk
475,Piotr Kowalski,gdansk
476,Anna Nowak,Krakow
477,Marek Wozniak,Warsaw
478,Maria Smith,gdansk
479,Jan Nowak,Krakow
480,Piotr Wozniak,warsaw
481,Jan Kowalski,Poznan
482,Maria Smith,Gdansk
483,Maria Smith,Poznan
484,Jan Smith,Poznan
485,Kasia Smith,gdansk
486,Marek Smith,Poznan
487,Anna Wozniak,Warsaw
488,Jan Kowalski,Poznan
489,John Wozniak,Poznan
490,Marek Zielinski,Krakow
491,Anna Wozniak,Warsaw
492,Piotr Zielinski,Warsaw
493,Kasia Smith,gdansk
494,John Smith,Gdansk
495,Kasia Smith,Warsaw
496,John Kowalski,krakow
497,Anna Zielinski,Gdansk
498,Piotr Zielinski,warsaw
499,John Nowak,gdansk
500,Marek Wozniak,gdansk
501,Piotr Wozniak,Warsaw
502,Jan Nowak,Warsaw
503,Piotr Wozniak,Warsaw
504,Anna Kowalski,Gdansk
505,Jan Wozniak,krakow
506,Piotr Zielinski,krakow
507,Maria Kowalski,krakow
508,John Nowak,Poznan
509,Kasia Zielinski,krakow
510,Piotr Nowak,gdansk
511,Piotr Kowalski,krakow
512,Kasia Kowalski,Poznan
513,Piotr Nowak,gdansk
514,Piotr Zielinski,gdansk
515,Piotr Nowak,krakow
516,Piotr Kowalski,Warsaw
517,Marek Wozniak,Warsaw
518,John Kowalski,gdansk
519,John Zielinski,Warsaw
520,Anna Smith,warsaw
521,Jan Zielinski,warsaw
522,Anna Zielinski,warsaw
523,Maria Kowalski,Poznan
524,Marek Kowalski,Krakow
525,Marek Kowalski,Poznan
526,Maria Nowak,Krakow
527,Marek Kowalski,warsaw
528,Maria Smith,Poznan
529,Jan Nowak,gdansk
530,Marek Nowak,warsaw
531,Anna Smith,Poznan
532,Marek Kowalski,Gdansk
533,Piotr Nowak,warsaw
534,Piotr Nowak,warsaw
535,John Wozniak,Gdansk
536,Anna Nowak,krakow
537,Kasia Smith,Gdansk
538,Maria Nowak,krakow
539,Maria Kowalski,Gdansk
540,Anna Zielinski,Krakow
541,Kasia Nowak,Warsaw
542,Kasia Wozniak,krakow
543,John Nowak,krakow
544,John Wozniak,Warsaw
545,Anna Smith,Gdansk
546,Jan Nowak,warsaw
547,Piotr Zielinski,gdansk
548,Maria Zielinski,gdansk
549,Piotr Wozniak,Gdansk
550,Maria Smith,krakow
551,Maria Zielinski,krakow
552,Anna Nowak,Poznan
553,John Zielinski,gdansk
554,Marek Kowalski,krakow
555,Kasia Kowalski,krakow
556,Piotr Wozniak,krakow
557,Kasia Nowak,Krakow
558,Kasia Smith,gdansk
559,Piotr Smith,warsaw
560,John Wozniak,Warsaw
561,Anna Nowak,Warsaw
562,Kasia Nowak,gdansk
563,John Smith,Poznan
564,Jan Zielinski,Warsaw
565,Maria Zielinski,Gdansk
566,Piotr Nowak,krakow
567,Piotr Wozniak,Poznan
568,John Nowak,Krakow
569,Maria Smith,Krakow
570,Anna Zielinski,Gdansk
571,Jan Kowalski,gdansk
572,Kasia Kowalski,Poznan
573,Anna Smith,Poznan
574,Maria Smith,Warsaw
575,Marek Smith,Gdansk
576,Jan Wozniak,Poznan
577,Maria Zielinski,Gdansk
578,John Zielinski,Warsaw
579,Maria Smith,Warsaw
580,Jan Smith,gdansk
581,Marek Smith,Krakow
582,Piotr Nowak,warsaw
583,Marek Kowalski,Gdansk
584,John Wozniak,Warsaw
585,Jan Nowak,Warsaw
586,John Zielinski,warsaw
587,Kasia Wozniak,krakow
588,Piotr Kowalski,Krakow
589,Piotr Smith,Poznan
590,Maria Zielinski,Warsaw
591,Anna Kowalski,warsaw
592,Marek Zielinski,Warsaw
593,John Nowak,Krakow
594,Kasia Wozniak,krakow
595,Maria Wozniak,krakow
596,Piotr Kowalski,Poznan
597,Maria Nowak,Krakow
598,Kasia Nowak,Krakow
599,John Zielinski,krakow
600,Maria Smith,Warsaw
601,Jan Wozniak,Gdansk
602,Anna Nowak,warsaw
603,Piotr Kowalski,Poznan
604,Jan Smith,Krakow
605,Piotr Nowak,Warsaw
606,Kasia Wozniak,warsaw
607,Jan Wozniak,Gdansk
608,John Kowalski,Gdansk
609,Maria Smith,Warsaw
610,Kasia Nowak,krakow
611,Anna Wozniak,Warsaw
612,Marek Smith,Gdansk
613,Kasia Zielinski,krakow
614,John Wozniak,Krakow
615,Anna Wozniak,Warsaw
616,Piotr Kowalski,Poznan
617,Maria Wozniak,Poznan
618,John Smith,Warsaw
619,Kasia Nowak,warsaw
620,Kasia Zielinski,krakow
621,Maria Nowak,krakow
622,Marek Smith,gdansk
623,Piotr Kowalski,Krakow
624,Marek Kowalski,Warsaw
625,Maria Nowak,Gdansk
626,Maria Kowalski,Poznan
627,Piotr Smith,gdansk
628,Marek Kowalski,warsaw
629,Anna Kowalski,Krakow
630,Jan Kowalski,Gdansk
631,Jan Nowak,warsaw
632,Marek Wozniak,krakow
633,Marek Zielinski,Poznan
634,Maria Wozniak,gdansk
635,Maria Zielinski,Krakow
636,Marek Smith,warsaw
637,Kasia Nowak,krakow
638,Kasia Smith,Poznan
639,Piotr Zielinski,Warsaw
640,Piotr Zielinski,Warsaw
641,Piotr Wozniak,krakow
642,Anna Nowak,Krakow
643,Marek Smith,Warsaw
644,John Nowak,Gdansk
645,Maria Zielinski,krakow
646,Kasia Zielinski,Gdansk
647,Marek Nowak,krakow
648,Marek Zielinski,gdansk
649,Jan Smith,Gdansk
650,Kasia Zielinski,warsaw
651,Anna Wozniak,Warsaw
652,Marek Smith,gdansk
653,Anna Zielinski,gdansk
654,Jan Nowak,warsaw
655,John Wozniak,krakow
656,Maria Zielinski,Gdansk
657,Jan Smith,Krakow
658,Piotr Wozniak,krakow
659,Marek Smith,gdansk
660,Maria Nowak,Poznan
661,John Smith,Warsaw
662,Piotr Nowak,Gdansk
663,John Wozniak,Krakow
664,Piotr Zielinski,Poznan
665,Jan Smith,Warsaw
666,Maria Kowalski,Krakow
667,Piotr Wozniak,warsaw
668,Maria Nowak,Krakow
669,Maria Wozniak,gdansk
670,Marek Smith,Poznan
671,Jan Zielinski,Warsaw
672,John Wozniak,Gdansk
673,Piotr Nowak,Krakow
674,Piotr Kowalski,warsaw
675,Piotr Wozniak,warsaw
676,Jan Kowalski,warsaw
677,Anna Smith,Poznan
678,Marek Nowak,Gdansk
679,Marek Zielinski,Poznan
680,John Zielinski,Warsaw
681,John Smith,Poznan
682,Maria Kowalski,Gdansk
683,Kasia Kowalski,warsaw
684,Jan Zielinski,Poznan
685,Jan Wozniak,Warsaw
686,Kasia Smith,gdansk
687,John Kowalski,krakow
688,Maria Smith,Poznan
689,John Wozniak,warsaw
690,Maria Kowalski,Krakow
691,Marek Wozniak,Poznan
692,Jan Smith,gdansk
693,Maria Wozniak,krakow
694,Marek Smith,Poznan
695,Kasia Zielinski,Gdansk
696,Kasia Kowalski,Poznan
697,Jan Zielinski,warsaw
698,Marek Smith,Warsaw
699,John Wozniak,Poznan
700,Piotr Zielinski,Warsaw
701,John Zielinski,Poznan
702,Anna Smith,Warsaw
703,Marek Kowalski,Krakow
704,Kasia Zielinski,warsaw
705,Marek Wozniak,Warsaw
706,Jan Wozniak,Krakow
707,Anna Wozniak,Warsaw
708,Kasia Zielinski,Krakow
709,Jan Wozniak,Warsaw
710,Piotr Kowalski,Warsaw
711,Piotr Nowak,Poznan
712,John Smith,Poznan
713,Jan Kowalski,Warsaw
714,Piotr Wozniak,gdansk
715,Marek Kowalski,Poznan
716,John Wozniak,krakow
717,Maria Nowak,Warsaw
718,Anna Smith,warsaw
719,Marek Kowalski,Gdansk
720,John Zielinski,Gdansk
721,Kasia Nowak,Poznan
722,Piotr Kowalski,Krakow
723,Anna Nowak,warsaw
724,Kasia Zielinski,krakow
725,Anna Nowak,Poznan
726,Kasia Zielinski,Gdansk
727,Anna Zielinski,Gdansk
728,Jan Kowalski,Krakow
729,Kasia Nowak,Gdansk
730,Piotr Kowalski,Gdansk
731,Kasia Kowalski,gdansk
732,John Nowak,Gdansk
733,Piotr Nowak,Gdansk
734,Maria Zielinski,Poznan
735,Maria Zielinski,Warsaw
736,Kasia Wozniak,Warsaw
737,John Wozniak,Krakow
738,Piotr Nowak,Krakow
739,Marek Nowak,Krakow
740,Jan Nowak,Poznan
741,Maria Smith,warsaw
742,Anna Smith,Gdansk
743,Piotr Kowalski,Poznan
744,Marek Wozniak,gdansk
745,Kasia Kowalski,Poznan
746,Jan Nowak,gdansk
747,Marek Wozniak,Warsaw
748,Piotr Kowalski,Warsaw
749,Marek Kowalski,Warsaw
750,Piotr Smith,Gdansk
751,Kasia Zielinski,krakow
752,Piotr Nowak,Poznan
753,John Kowalski,Krakow
754,Piotr Nowak,Poznan
755,John Smith,Krakow
756,Anna Smith,krakow
757,Kasia Wozniak,krakow
758,Piotr Kowalski,krakow
759,John Wozniak,Krakow
760,Marek Zielinski,Krakow
761,Marek Nowak,gdansk
762,Kasia Nowak,krakow
763,Maria Kowalski,Gdansk
764,Piotr Smith,Warsaw
765,Anna Smith,gdansk
766,Piotr Smith,krakow
767,Maria Wozniak,warsaw
768,John Wozniak,Krakow
769,Kasia Nowak,gdansk
770,Marek Smith,Gdansk
771,Kasia Smith,gdansk
772,Marek Nowak,Warsaw
773,John Wozniak,Krakow
774,Maria Kowalski,Warsaw
775,Jan Zielinski,gdansk
776,Marek Wozniak,Warsaw
777,Jan Nowak,warsaw
778,Marek Smith,Krakow
779,Kasia Zielinski,Warsaw
780,Maria Kowalski,gdansk
781,Kasia Smith,Krakow
782,Kasia Nowak,Gdansk
783,Jan Zielinski,Krakow
784,Kasia Smith,gdansk
785,Piotr Kowalski,Warsaw
786,Anna Kowalski,krakow
787,Maria Wozniak,Gdansk
788,Anna Smith,Poznan
789,Piotr Wozniak,warsaw
790,Maria Smith,gdansk
791,Kasia Kowalski,Warsaw
792,Jan Nowak,krakow
793,Jan Wozniak,Warsaw
794,Marek Smith,gdansk
795,Piotr Nowak,Gdansk
796,Maria Smith,Krakow
797,Marek Kowalski,gdansk
798,John Kowalski,Poznan
799,Piotr Zielinski,warsaw
800,Anna Kowalski,Poznan
801,Jan Kowalski,Poznan
802,Kasia Nowak,Krakow
803,Maria Zielinski,Krakow
804,Kasia Zielinski,warsaw
805,Maria Nowak,Warsaw
806,Piotr Wozniak,gdansk
807,John Wozniak,Gdansk
808,Kasia Wozniak,Poznan
809,Maria Nowak,warsaw
810,Piotr Nowak,krakow
811,Kasia Zielinski,Krakow
812,Jan Zielinski,gdansk
813,Maria Kowalski,Poznan
814,Jan Wozniak,Gdansk
815,Marek Nowak,Poznan
816,Anna Zielinski,warsaw
817,Piotr Kowalski,warsaw
818,Piotr Kowalski,Krakow
819,Maria Smith,Poznan
820,Anna Smith,warsaw
821,John Zielinski,Krakow
822,Jan Smith,Gdansk
823,Maria Nowak,Gdansk
824,John Kowalski,Gdansk
825,Maria Kowalski,warsaw
826,John Zielinski,gdansk
827,Maria Smith,Poznan
828,Maria Nowak,Poznan
829,Marek Nowak,Warsaw
830,Anna Zielinski,Krakow
831,John Kowalski,Poznan
832,Maria Wozniak,Gdansk
833,John Nowak,krakow
834,John Zielinski,Krakow
835,John Smith,krakow
836,Jan Wozniak,Krakow
837,Kasia Nowak,gdansk
838,Anna Kowalski,krakow
839,Kasia Wozniak,krakow
840,Jan Smith,Gdansk
841,Jan Smith,Poznan
842,John Smith,gdansk
843,Marek Smith,krakow
844,Jan Smith,Gdansk
845,Maria Nowak,Krakow
846,Jan Wozniak,Warsaw
847,Piotr Wozniak,warsaw
848,Jan Nowak,Warsaw
849,Piotr Wozniak,Poznan
850,Maria Wozniak,warsaw
851,Marek Kowalski,Poznan
852,Piotr Zielinski,gdansk
853,Piotr Kowalski,Poznan
854,Jan Wozniak,Gdansk
855,Kasia Wozniak,Krakow
856,Kasia Nowak,Warsaw
857,Kasia Zielinski,krakow
858,Jan Kowalski,Gdansk
859,Piotr Nowak,Warsaw
860,Piotr Wozniak,Gdansk
861,Marek Wozniak,Krakow
862,Maria Nowak,Poznan
863,Anna Wozniak,warsaw
864,Piotr Smith,Poznan
865,Kasia Smith,Warsaw
866,Kasia Nowak,Gdansk
867,Maria Kowalski,Krakow
868,Maria Smith,Warsaw
869,Kasia Zielinski,krakow
870,Marek Zielinski,Krakow
871,Marek Zielinski,gdansk
872,Maria Nowak,warsaw
873,Anna Wozniak,Krakow
874,Marek Smith,Gdansk
875,Piotr Kowalski,warsaw
876,Maria Zielinski,krakow
877,Maria Nowak,Warsaw
878,Anna Kowalski,gdansk
879,Piotr Wozniak,Gdansk
880,Kasia Kowalski,Gdansk
881,Maria Kowalski,Krakow
882,Maria Smith,warsaw
883,Kasia Zielinski,gdansk
884,Marek Smith,Gdansk
885,Piotr Zielinski,Poznan
886,Maria Zielinski,krakow
887,John Zielinski,Krakow
888,Kasia Nowak,Krakow
889,Piotr Nowak,krakow
890,Maria Smith,Poznan
891,John Nowak,Gdansk
892,Kasia Smith,gdansk
893,Marek Zielinski,Gdansk
894,Jan Nowak,Gdansk
895,Kasia Kowalski,Gdansk
896,John Zielinski,Poznan
897,Marek Wozniak,warsaw
898,Marek Kowalski,Warsaw
899,Maria Nowak,warsaw
900,Anna Wozniak,Krakow
901,Kasia Kowalski,krakow
902,John Kowalski,krakow
903,Maria Zielinski,krakow
904,Marek Nowak,gdansk
905,Jan Zielinski,warsaw
906,Maria Smith,gdansk
907,Kasia Zielinski,krakow
908,Piotr Kowalski,krakow
909,Maria Smith,Gdansk
910,Piotr Smith,Gdansk
911,Kasia Kowalski,warsaw
912,Piotr Zielinski,Krakow
913,Jan Smith,Poznan
914,Piotr Kowalski,gdansk
915,John Wozniak,Krakow
916,Kasia Smith,Gdansk
917,Marek Smith,Krakow
918,Anna Zielinski,gdansk
919,Maria Wozniak,krakow
920,Marek Smith,Poznan
921,Marek Kowalski,Krakow
922,Anna Smith,gdansk
923,Anna Smith,krakow
924,John Smith,gdansk
925,Kasia Kowalski,warsaw
926,Marek Zielinski,Krakow
927,Maria Smith,warsaw
928,Anna Zielinski,gdansk
929,Maria Kowalski,warsaw
930,Anna Zielinski,warsaw
931,John Kowalski,Warsaw
932,Anna Wozniak,Krakow
933,John Wozniak,Warsaw
934,John Kowalski,Warsaw
935,Maria Kowalski,krakow
936,John Wozniak,krakow
937,John Kowalski,Poznan
938,Piotr Smith,Krakow
939,John Nowak,Poznan
940,Anna Zielinski,warsaw
941,Maria Nowak,warsaw
942,Kasia Kowalski,Warsaw
943,Marek Wozniak,Poznan
944,Kasia Kowalski,gdansk
945,Marek Smith,Warsaw
946,Anna Smith,Gdansk
947,Maria Nowak,Krakow
948,Piotr Wozniak,gdansk
949,Maria Zielinski,krakow
950,Jan Zielinski,krakow
951,Piotr Kowalski,Poznan
952,Anna Smith,warsaw
953,John Wozniak,gdansk
954,Piotr Kowalski,Warsaw
955,John Smith,Poznan
956,Piotr Zielinski,gdansk
957,Marek Kowalski,warsaw
958,Maria Wozniak,Poznan
959,Kasia Zielinski,Krakow
960,Anna Wozniak,gdansk
961,Anna Kowalski,warsaw
962,Kasia Smith,warsaw
963,Anna Smith,krakow
964,Jan Wozniak,Poznan
965,Piotr Smith,Krakow
966,Maria Zielinski,Warsaw
967,Piotr Smith,gdansk
968,Jan Nowak,gdansk
969,Anna Wozniak,Krakow
970,Jan Wozniak,gdansk
971,Maria Smith,gdansk
972,Anna Smith,Krakow
973,Maria Kowalski,warsaw
974,Jan Wozniak,warsaw
975,Kasia Zielinski,Krakow
976,Kasia Zielinski,krakow
977,Marek Zielinski,Poznan
978,John Kowalski,Poznan
979,Jan Zielinski,Poznan
980,Marek Nowak,Gdansk
981,Kasia Zielinski,gdansk
982,Piotr Nowak,Gdansk
983,Anna Nowak,Poznan
984,Maria Zielinski,warsaw
985,Maria Zielinski,warsaw
986,Jan Smith,Poznan
987,Maria Wozniak,Warsaw
988,John Kowalski,gdansk
989,Maria Wozniak,Warsaw
990,Maria Wozniak,Poznan
991,Anna Wozniak,warsaw
992,Maria Wozniak,krakow
993,Maria Nowak,Gdansk
994,Kasia Smith,gdansk
995,Anna Wozniak,Krakow
996,Marek Nowak,gdansk
997,Jan Zielinski,Warsaw
998,Anna Wozniak,Krakow
999,John Nowak,Gdansk
1000,Anna Nowak,krakow
1001,Anna Smith,krakow
1002,Jan Kowalski,Poznan
1003,John Wozniak,Krakow
1004,Kasia Wozniak,Poznan
1005,Kasia Wozniak,Warsaw
1006,John Zielinski,warsaw
1007,John Smith,Warsaw
1008,Jan Zielinski,krakow
1009,Maria Kowalski,gdansk
1010,Jan Nowak,Poznan
1011,Anna Smith,krakow
1012,John Zielinski,krakow
1013,Maria Wozniak,Poznan
1014,Jan Kowalski,krakow
1015,Piotr Kowalski,Krakow
1016,Jan Nowak,Warsaw
1017,Marek Wozniak,Gdansk
1018,Marek Nowak,warsaw
1019,Jan Nowak,Warsaw
1020,Maria Nowak,krakow
1021,Maria Nowak,warsaw
1022,John Nowak,krakow
1023,Kasia Kowalski,Gdansk
1024,Jan Nowak,warsaw
1025,Maria Smith,warsaw
1026,Marek Zielinski,Krakow
1027,Maria Zielinski,Poznan
1028,John Smith,warsaw
1029,Piotr Kowalski,gdansk
1030,Maria Kowalski,krakow
1031,Piotr Smith,Warsaw
1032,Maria Zielinski,gdansk
1033,Jan Wozniak,Gdansk
1034,Kasia Nowak,Krakow
1035,John Wozniak,Poznan
1036,Maria Smith,gdansk
1037,Kasia Wozniak,warsaw
1038,Piotr Wozniak,warsaw
1039,Marek Zielinski,krakow
1040,Jan Kowalski,Krakow
1041,Marek Kowalski,Poznan
1042,Kasia Nowak,Gdansk
1043,Kasia Wozniak,Gdansk
1044,Maria Kowalski,krakow
1045,Jan Smith,warsaw
1046,Piotr Nowak,krakow
1047,Marek Smith,Warsaw
1048,Maria Kowalski,Warsaw
1049,Piotr Wozniak,gdansk
1050,Maria Zielinski,Warsaw
1051,Marek Nowak,warsaw
1052,Marek Zielinski,gdansk
1053,John Zielinski,warsaw
1054,Kasia Kowalski,Poznan
1055,Piotr Smith,Warsaw
1056,Jan Kowalski,gdansk
1057,Anna Wozniak,warsaw
1058,John Zielinski,gdansk
1059,Jan Wozniak,warsaw
1060,Maria Smith,Poznan
1061,Piotr Wozniak,krakow
1062,Maria Smith,Krakow
1063,Piotr Smith,Gdansk
1064,Kasia Wozniak,Warsaw
1065,Marek Wozniak,Poznan
1066,Marek Smith,warsaw
1067,Piotr Smith,krakow
1068,Anna Zielinski,Poznan
1069,Jan Kowalski,Warsaw
1070,Piotr Zielinski,Gdansk
1071,Maria Wozniak,Krakow
1072,Jan Kowalski,Krakow
1073,Jan Wozniak,Gdansk
1074,Marek Kowalski,krakow
1075,Maria Smith,Krakow
1076,Marek Wozniak,gdansk
1077,John Wozniak,krakow
1078,Jan Smith,warsaw
1079,Jan Zielinski,krakow
1080,Jan Zielinski,gdansk
1081,Anna Zielinski,Warsaw
1082,Marek Nowak,Poznan
1083,John Nowak,Poznan
1084,Anna Wozniak,warsaw
1085,Marek Kowalski,Warsaw
1086,John Kowalski,Warsaw
1087,Jan Zielinski,krakow
1088,Piotr Nowak,Gdansk
1089,John Zielinski,krakow
1090,John Wozniak,Warsaw
1091,Anna Zielinski,Gdansk
1092,Kasia Nowak,Warsaw
1093,Maria Smith,Gdansk
1094,Piotr Nowak,Gdansk
1095,Marek Wozniak,Poznan
1096,Jan Nowak,Warsaw
1097,Maria Kowalski,warsaw
1098,Jan Zielinski,Gdansk
1099,Piotr Smith,Krakow
1100,Marek Wozniak,Warsaw
1101,Piotr Wozniak,krakow
1102,Maria Kowalski,gdansk
1103,Jan Smith,gdansk
1104,Marek Nowak,gdansk
1105,Marek Nowak,Warsaw
1106,Kasia Wozniak,krakow
1107,Maria Wozniak,Warsaw
1108,John Nowak,gdansk
1109,Jan Nowak,krakow
1110,Marek Wozniak,gdansk
1111,Marek Smith,Gdansk
1112,Marek Nowak,Gdansk
1113,Anna Kowalski,warsaw
1114,Marek Zielinski,krakow
1115,Piotr Nowak,Warsaw
1116,John Smith,Gdansk
1117,Maria Nowak,warsaw
1118,Marek Smith,Warsaw
1119,Jan Zielinski,warsaw
1120,Marek Wozniak,Warsaw
1121,Piotr Kowalski,Gdansk
1122,Jan Zielinski,Poznan
1123,Marek Wozniak,gdansk
1124,Maria Smith,krakow
1125,Marek Kowalski,Poznan
1126,John Nowak,Gdansk
1127,John Smith,Warsaw
1128,Anna Wozniak,warsaw
1129,Marek Nowak,Krakow
1130,Maria Zielinski,Gdansk
1131,Kasia Smith,Warsaw
1132,John Smith,Poznan
1133,Kasia Wozniak,warsaw
1134,Piotr Zielinski,krakow
1135,Kasia Kowalski,gdansk
1136,Maria Wozniak,Warsaw
1137,Marek Zielinski,Krakow
1138,Marek Kowalski,gdansk
1139,Anna Nowak,Krakow
1140,Jan Wozniak,gdansk
1141,Marek Kowalski,gdansk
1142,Kasia Smith,Krakow
1143,Anna Nowak,Warsaw
1144,Piotr Wozniak,Krakow
1145,Marek Smith,Warsaw
1146,Jan Nowak,warsaw
1147,Kasia Wozniak,Gdansk
1148,Maria Zielinski,krakow
1149,Anna Nowak,Warsaw
1150,Piotr Zielinski,Warsaw
1151,Maria Zielinski,Poznan
1152,Piotr Wozniak,Warsaw
1153,Piotr Wozniak,krakow
1154,Marek Nowak,gdansk
1155,Maria Kowalski,Gdansk
1156,Maria Kowalski,gdansk
1157,Kasia Kowalski,warsaw
1158,Piotr Smith,Krakow
1159,Kasia Kowalski,Warsaw
1160,Jan Wozniak,Krakow
1161,Kasia Smith,krakow
1162,Marek Nowak,Krakow
1163,Piotr Kowalski,gdansk
1164,John Wozniak,Gdansk
1165,Maria Kowalski,krakow
1166,Anna Kowalski,Krakow
1167,Anna Wozniak,Krakow
1168,Marek Zielinski,krakow
1169,Marek Smith,krakow
1170,Piotr Wozniak,Poznan
1171,Marek Zielinski,warsaw
1172,Piotr Smith,Gdansk
1173,John Kowalski,krakow
1174,Piotr Kowalski,krakow
1175,Piotr Smith,gdansk
1176,John Wozniak,Gdansk
1177,Marek Kowalski,Krakow
1178,Kasia Smith,Poznan
1179,Marek Wozniak,Krakow
1180,Anna Zielinski,warsaw
1181,Maria Zielinski,warsaw
1182,John Zielinski,Warsaw
1183,John Wozniak,gdansk
1184,Jan Wozniak,Poznan
1185,Piotr Nowak,Poznan
1186,Marek Wozniak,gdansk
1187,Kasia Kowalski,gdansk
1188,Piotr Kowalski,Krakow
1189,John Kowalski,gdansk
1190,Kasia Wozniak,Warsaw
1191,Kasia Zielinski,krakow
1192,Maria Wozniak,Gdansk
1193,Maria Wozniak,Gdansk
1194,Anna Smith,gdansk
1195,Marek Zielinski,Gdansk
1196,John Nowak,Warsaw
1197,Marek Kowalski,gdansk
1198,John Smith,warsaw
1199,John Zielinski,Warsaw
1200,Maria Wozniak,Poznan
1201,Piotr Wozniak,Warsaw
1202,Anna Nowak,Krakow
1203,Jan Zielinski,gdansk
1204,Maria Zielinski,Gdansk
1205,John Zielinski,warsaw
1206,Kasia Smith,krakow
1207,Kasia Zielinski,gdansk
1208,Maria Kowalski,Krakow
1209,Anna Wozniak,Warsaw
1210,Piotr Wozniak,Warsaw
1211,Anna Kowalski,Krakow
1212,Piotr Smith,krakow
1213,Marek Kowalski,Gdansk
1214,Kasia Smith,krakow
1215,Anna Wozniak,gdansk
1216,John Wozniak,Krakow
1217,Anna Smith,Warsaw
1218,Marek Nowak,Warsaw
1219,Marek Smith,gdansk
1220,Anna Kowalski,gdansk
1221,Jan Zielinski,warsaw
1222,Maria Kowalski,Krakow
1223,Maria Wozniak,krakow
1224,Jan Wozniak,gdansk
1225,Jan Kowalski,gdansk
1226,John Wozniak,krakow
1227,Anna Zielinski,warsaw
1228,Kasia Zielinski,krakow
1229,Kasia Nowak,gdansk
1230,Jan Kowalski,Krakow
1231,Marek Nowak,Gdansk
1232,Anna Zielinski,warsaw
1233,Piotr Smith,warsaw
1234,Kasia Nowak,Krakow
1235,John Wozniak,Gdansk
1236,John Smith,Gdansk
1237,Kasia Zielinski,krakow
1238,Maria Nowak,Krakow
1239,Piotr Wozniak,Gdansk
1240,Jan Smith,Gdansk
1241,Maria Nowak,gdansk
1242,Jan Smith,Warsaw
1243,Jan Smith,Warsaw
1244,Jan Smith,gdansk
1245,Jan Zielinski,krakow
1246,Kasia Zielinski,warsaw
1247,Maria Wozniak,krakow
1248,Jan Wozniak,gdansk
1249,Maria Kowalski,Gdansk
1250,Jan Wozniak,Krakow
1251,Jan Kowalski,Krakow
1252,Marek Wozniak,Gdansk
1253,Anna Smith,Warsaw
1254,Kasia Kowalski,warsaw
1255,Marek Wozniak,Gdansk
1256,Maria Wozniak,krakow
1257,John Wozniak,krakow
1258,John Wozniak,krakow
1259,Jan Nowak,Gdansk
1260,Anna Kowalski,Krakow
1261,Anna Smith,warsaw
1262,Maria Smith,warsaw
1263,Marek Wozniak,Gdansk
1264,John Wozniak,Gdansk
1265,Maria Nowak,Gdansk
1266,Anna Smith,Poznan
1267,Maria Smith,Gdansk
1268,Marek Nowak,Poznan
1269,John Wozniak,Gdansk
1270,Jan Wozniak,Warsaw
1271,John Kowalski,Krakow
1272,Marek Nowak,krakow
1273,Piotr Smith,Poznan
1274,Marek Nowak,krakow
1275,Marek Nowak,Poznan
1276,Marek Kowalski,warsaw
1277,Marek Zielinski,gdansk
1278,Piotr Zielinski,gdansk
1279,Kasia Kowalski,Gdansk
1280,Jan Kowalski,Poznan
1281,Jan Nowak,Gdansk
1282,Piotr Zielinski,Krakow
1283,Maria Zielinski,warsaw
1284,Piotr Smith,Krakow
1285,Maria Smith,Poznan
1286,Maria Nowak,warsaw
1287,Marek Wozniak,Warsaw
1288,Piotr Kowalski,gdansk
1289,Marek Kowalski,warsaw
1290,Jan Smith,Poznan
1291,Jan Wozniak,krakow
1292,Jan Zielinski,gdansk
1293,Piotr Wozniak,krakow
1294,Kasia Nowak,gdansk
1295,Marek Nowak,krakow
1296,Maria Smith,gdansk
1297,Piotr Wozniak,krakow
1298,Piotr Zielinski,Warsaw
1299,Marek Nowak,gdansk
1300,Kasia Smith,Poznan
1301,Anna Zielinski,krakow
1302,Jan Wozniak,Poznan
1303,Jan Wozniak,Krakow
1304,Piotr Smith,Krakow
1305,Maria Zielinski,warsaw
1306,Maria Wozniak,Poznan
1307,Piotr Nowak,Warsaw
1308,Anna Wozniak,Warsaw
1309,Anna Kowalski,krakow
1310,Kasia Nowak,krakow
1311,Jan Kowalski,gdansk
1312,Piotr Kowalski,Poznan
1313,Piotr Nowak,gdansk
1314,Piotr Smith,Warsaw
1315,Piotr Kowalski,Warsaw
1316,Kasia Smith,gdansk
1317,John Kowalski,krakow
1318,John Nowak,gdansk
1319,Anna Nowak,warsaw
1320,Kasia Nowak,warsaw
1321,Maria Kowalski,Gdansk
1322,John Wozniak,Warsaw
1323,Anna Smith,Poznan
1324,Anna Wozniak,gdansk
1325,Jan Wozniak,Warsaw
1326,Jan Wozniak,Warsaw
1327,John Nowak,Warsaw
1328,Piotr Smith,Krakow
1329,Jan Wozniak,Poznan
1330,Marek Kowalski,gdansk
1331,John Kowalski,Warsaw
1332,Maria Zielinski,Warsaw
1333,Maria Kowalski,krakow
1334,Piotr Kowalski,gdansk
1335,John Kowalski,krakow
1336,Maria Wozniak,Poznan
1337,Jan Nowak,Warsaw
1338,Jan Nowak,Gdansk
1339,John Wozniak,Krakow
1340,Kasia Smith,Poznan
1341,Jan Kowalski,Krakow
1342,John Nowak,warsaw
1343,Maria Zielinski,Gdansk
1344,John Zielinski,Krakow
1345,Marek Nowak,Poznan
1346,Marek Smith,warsaw
1347,Maria Zielinski,Gdansk
1348,Jan Wozniak,Krakow
1349,John Nowak,Poznan
1350,Marek Kowalski,krakow
1351,Kasia Nowak,warsaw
1352,Kasia Zielinski,Warsaw
1353,Maria Nowak,Krakow
1354,Piotr Kowalski,krakow
1355,Marek Zielinski,krakow
1356,Piotr Zielinski,gdansk
1357,Jan Wozniak,Poznan
1358,Anna Nowak,Gdansk
1359,Anna Nowak,Krakow
1360,Jan Nowak,Warsaw
1361,Marek Wozniak,Gdansk
1362,Piotr Zielinski,Poznan
1363,Kasia Wozniak,gdansk
1364,Kasia Nowak,gdansk
1365,Maria Zielinski,Gdansk
1366,Jan Smith,Warsaw
1367,Piotr Nowak,Gdansk
1368,Jan Kowalski,Gdansk
1369,Piotr Wozniak,Gdansk
1370,John Nowak,Krakow
1371,John Wozniak,gdansk
1372,Marek Kowalski,Warsaw
1373,Jan Nowak,krakow
1374,Anna Wozniak,Gdansk
1375,Maria Nowak,Krakow
1376,John Kowalski,Warsaw
1377,Anna Kowalski,gdansk
1378,Anna Kowalski,krakow
1379,Piotr Zielinski,Gdansk
1380,Marek Smith,warsaw
1381,Piotr Kowalski,gdansk
1382,Marek Smith,gdansk
1383,Anna Nowak,Krakow
1384,Marek Wozniak,Krakow
1385,Maria Nowak,Krakow
1386,John Zielinski,gdansk
1387,Anna Wozniak,krakow
1388,Maria Smith,Warsaw
1389,Kasia Zielinski,warsaw
1390,Piotr Kowalski,Krakow
1391,Marek Nowak,Gdansk
1392,John Nowak,warsaw
1393,John Zielinski,Warsaw
1394,Anna Nowak,warsaw
1395,Anna Wozniak,Krakow
1396,Kasia Kowalski,warsaw
1397,Marek Nowak,Gdansk
1398,Marek Wozniak,warsaw
1399,Piotr Kowalski,krakow
1400,John Smith,Krakow
1401,Marek Nowak,Gdansk
1402,Piotr Nowak,Gdansk
1403,John Nowak,warsaw
1404,Jan Zielinski,Warsaw
1405,Kasia Nowak,krakow
1406,Marek Smith,Poznan
1407,Marek Smith,Krakow
1408,Anna Zielinski,krakow
1409,Anna Smith,warsaw
1410,Piotr Zielinski,Poznan
1411,Piotr Zielinski,warsaw
1412,Kasia Smith,Gdansk
1413,Kasia Kowalski,gdansk
1414,Maria Kowalski,warsaw
1415,Anna Wozniak,Warsaw
1416,Jan Zielinski,Krakow
1417,John Nowak,Krakow
1418,Anna Wozniak,Poznan
1419,John Smith,Warsaw
1420,Jan Zielinski,warsaw
1421,Kasia Wozniak,Warsaw
1422,Jan Smith,Warsaw
1423,Anna Kowalski,Poznan
1424,Maria Wozniak,gdansk
1425,Piotr Wozniak,gdansk
1426,Anna Zielinski,Warsaw
1427,Maria Kowalski,gdansk
1428,Marek Wozniak,Warsaw
1429,Maria Zielinski,Warsaw
1430,Kasia Kowalski,warsaw
1431,Piotr Smith,Poznan
1432,Piotr Wozniak,gdansk
1433,Marek Smith,Krakow
1434,Kasia Smith,warsaw
1435,Anna Kowalski,warsaw
1436,Marek Zielinski,Warsaw
1437,Jan Nowak,warsaw
1438,Kasia Wozniak,Krakow
1439,Kasia Nowak,Gdansk
1440,Piotr Kowalski,krakow
1441,Piotr Wozniak,Krakow
1442,Marek Nowak,Warsaw
1443,Jan Smith,Poznan
1444,John Zielinski,Warsaw
1445,Jan Smith,warsaw
1446,Anna Kowalski,Krakow
1447,Kasia Zielinski,Warsaw
1448,John Smith,Krakow
1449,Marek Kowalski,Warsaw
1450,Kasia Wozniak,Gdansk
1451,John Zielinski,warsaw
1452,Anna Wozniak,Warsaw
1453,Marek Kowalski,Warsaw
1454,Anna Nowak,Poznan
1455,Marek Kowalski,warsaw
1456,Jan Wozniak,Krakow
1457,John Nowak,Gdansk
1458,Maria Smith,Poznan
1459,Anna Nowak,Warsaw
1460,Jan Wozniak,Poznan
1461,Jan Nowak,Poznan
1462,Marek Smith,Warsaw
1463,Anna Wozniak,Warsaw
1464,Jan Zielinski,krakow
1465,Marek Wozniak,krakow
1466,Anna Wozniak,gdansk
1467,Kasia Kowalski,Krakow
1468,Jan Kowalski,Krakow
1469,Piotr Wozniak,warsaw
1470,Anna Zielinski,Gdansk
1471,Maria Kowalski,gdansk
1472,Piotr Wozniak,krakow
1473,Maria Wozniak,Warsaw
1474,Anna Smith,krakow
1475,Jan Wozniak,warsaw
1476,John Zielinski,warsaw
1477,John Zielinski,Poznan
1478,Anna Wozniak,Poznan
1479,John Smith,krakow
1480,Maria Wozniak,Krakow
1481,Maria Zielinski,Krakow
1482,Kasia Smith,warsaw
1483,Anna Smith,Gdansk
1484,Jan Nowak,Poznan
1485,Marek Smith,Warsaw
1486,Marek Wozniak,Gdansk
1487,Piotr Zielinski,warsaw
1488,Jan Nowak,warsaw
1489,John Kowalski,Krakow
1490,Maria Nowak,Poznan
1491,Jan Zielinski,Poznan
1492,Marek Wozniak,Krakow
1493,Marek Kowalski,warsaw
1494,Jan Zielinski,Krakow
1495,Marek Smith,Gdansk
1496,Anna Smith,Gdansk
1497,Maria Kowalski,Gdansk
1498,Jan Wozniak,Gdansk
1499,Piotr Kowalski,krakow
1500,Anna Nowak,Warsaw
1501,Jan Zielinski,warsaw
1502,Anna Zielinski,krakow
1503,Anna Smith,Gdansk
1504,Jan Kowalski,Krakow
1505,John Kowalski,Poznan
1506,Marek Smith,Warsaw
1507,Anna Kowalski,Gdansk
1508,John Kowalski,Poznan
1509,Anna Zielinski,Poznan
1510,Piotr Nowak,Krakow
1511,John Wozniak,Gdansk
1512,Anna Smith,Krakow
1513,Piotr Kowalski,warsaw
1514,John Wozniak,Poznan
1515,John Wozniak,gdansk
1516,Piotr Kowalski,gdansk
1517,Maria Zielinski,Poznan
1518,Piotr Kowalski,gdansk
1519,Maria Kowalski,krakow
1520,Piotr Smith,warsaw
1521,Jan Nowak,gdansk
1522,Maria Wozniak,Poznan
1523,Marek Zielinski,Warsaw
1524,Jan Zielinski,Krakow
1525,Marek Zielinski,warsaw
1526,John Zielinski,Warsaw
1527,Kasia Kowalski,Krakow
1528,John Nowak,warsaw
1529,Piotr Smith,warsaw
1530,John Nowak,Poznan
1531,John Smith,krakow
1532,Anna Smith,warsaw
1533,Jan Nowak,Krakow
1534,Piotr Nowak,gdansk
1535,Anna Nowak,krakow
1536,Kasia Wozniak,warsaw
1537,Kasia Wozniak,krakow
1538,Piotr Zielinski,krakow
1539,Anna Wozniak,Poznan
1540,Marek Zielinski,gdansk
1541,Marek Kowalski,warsaw
1542,Kasia Nowak,Poznan
1543,Marek Nowak,Krakow
1544,Anna Smith,Krakow
1545,Anna Nowak,Krakow
1546,Jan Wozniak,warsaw
1547,John Nowak,Gdansk
1548,Anna Smith,Gdansk
1549,Maria Wozniak,gdansk
1550,Anna Wozniak,gdansk
1551,Jan Zielinski,krakow
1552,Jan Nowak,Warsaw
1553,Piotr Kowalski,warsaw
1554,Kasia Zielinski,gdansk
1555,John Zielinski,Krakow
1556,John Smith,Krakow
1557,Jan Nowak,Warsaw
1558,Kasia Zielinski,Gdansk
1559,Marek Wozniak,warsaw
1560,Anna Smith,Warsaw
1561,Kasia Nowak,Krakow
1562,Marek Zielinski,krakow
1563,Jan Nowak,Warsaw
1564,Jan Kowalski,gdansk
1565,Piotr Nowak,krakow
1566,Marek Nowak,Krakow
1567,Marek Wozniak,krakow
1568,Kasia Smith,Warsaw
1569,John Zielinski,krakow
1570,Jan Smith,krakow
1571,Piotr Kowalski,krakow
1572,Anna Smith,krakow
1573,Kasia Smith,warsaw
1574,Marek Smith,Gdansk
1575,Anna Kowalski,Poznan
1576,John Nowak,Warsaw
1577,John Smith,Poznan
1578,Maria Wozniak,Poznan
1579,Maria Kowalski,Gdansk
1580,Anna Wozniak,Poznan
1581,Maria Wozniak,Gdansk
1582,John Wozniak,Gdansk
1583,Jan Wozniak,Krakow
1584,Anna Wozniak,Poznan
1585,John Nowak,Gdansk
1586,Maria Zielinski,Poznan
1587,Maria Zielinski,warsaw
1588,Anna Wozniak,warsaw
1589,Jan Kowalski,Poznan
1590,Jan Kowalski,Warsaw
1591,Kasia Nowak,gdansk
1592,Kasia Kowalski,Poznan
1593,John Kowalski,Poznan
1594,Maria Smith,Krakow
1595,John Nowak,Warsaw
1596,Kasia Zielinski,krakow
1597,Maria Smith,Poznan
1598,Piotr Zielinski,krakow
1599,Marek Nowak,Poznan
1600,John Zielinski,Gdansk
1601,Maria Wozniak,Warsaw
1602,Kasia Kowalski,warsaw
1603,Maria Zielinski,Gdansk
1604,Marek Nowak,Warsaw
1605,Maria Nowak,Poznan
1606,Piotr Zielinski,Krakow
1607,Kasia Smith,krakow
1608,John Wozniak,Gdansk
1609,Maria Wozniak,Warsaw
1610,Jan Smith,krakow
1611,Jan Zielinski,Gdansk
1612,John Wozniak,Warsaw
1613,Kasia Smith,gdansk
1614,Jan Nowak,gdansk
1615,Kasia Smith,Krakow
1616,Anna Smith,Poznan
1617,Marek Smith,Krakow
1618,Piotr Wozniak,Poznan
1619,John Nowak,Poznan
1620,Jan Kowalski,Krakow
1621,John Wozniak,Poznan
1622,Marek Smith,Krakow
1623,John Wozniak,Gdansk
1624,John Nowak,warsaw
1625,Kasia Kowalski,Poznan
1626,Kasia Wozniak,Poznan
1627,Maria Smith,Poznan
1628,Anna Zielinski,Poznan
1629,Jan Nowak,Krakow
1630,John Zielinski,krakow
1631,Jan Zielinski,Gdansk
1632,Anna Kowalski,warsaw
1633,Marek Kowalski,Poznan
1634,Anna Kowalski,Warsaw
1635,Kasia Nowak,Krakow
1636,John Kowalski,Krakow
1637,Piotr Wozniak,Gdansk
1638,Kasia Nowak,gdansk
1639,Anna Kowalski,Krakow
1640,Kasia Zielinski,krakow
1641,Jan Wozniak,Gdansk
1642,Maria Smith,Krakow
1643,Jan Smith,gdansk
1644,Marek Nowak,Krakow
1645,Anna Wozniak,Warsaw
1646,Jan Zielinski,Poznan
1647,Jan Kowalski,gdansk
1648,Jan Kowalski,Krakow
1649,John Wozniak,Gdansk
1650,Anna Nowak,krakow
1651,Jan Kowalski,Gdansk
1652,Marek Nowak,warsaw
1653,Piotr Zielinski,Poznan
1654,Piotr Smith,krakow
1655,Kasia Smith,krakow
1656,Piotr Kowalski,krakow
1657,Piotr Zielinski,Poznan
1658,Maria Wozniak,Gdansk
1659,Anna Nowak,Gdansk
1660,John Smith,Gdansk
1661,John Zielinski,Gdansk
1662,Piotr Smith,gdansk
1663,Anna Wozniak,Warsaw
1664,Piotr Smith,gdansk
1665,Piotr Smith,Krakow
1666,John Smith,warsaw
1667,Jan Zielinski,Poznan
1668,Jan Nowak,Poznan
1669,Marek Zielinski,krakow
1670,John Smith,gdansk
1671,Jan Nowak,gdansk
1672,Kasia Smith,Krakow
1673,Kasia Wozniak,krakow
1674,John Nowak,Gdansk
1675,John Zielinski,Poznan
1676,Jan Smith,gdansk
1677,John Kowalski,gdansk
1678,Maria Wozniak,gdansk
1679,Piotr Zielinski,Krakow
1680,Marek Kowalski,Poznan
1681,John Zielinski,warsaw
1682,Piotr Nowak,krakow
1683,Jan Smith,gdansk
1684,Marek Zielinski,Poznan
1685,Jan Smith,gdansk
1686,Anna Kowalski,Krakow
1687,Jan Smith,krakow
1688,Marek Smith,Krakow
1689,Piotr Zielinski,Krakow
1690,Kasia Nowak,krakow
1691,Anna Zielinski,Gdansk
1692,Maria Nowak,krakow
1693,Jan Zielinski,Warsaw
1694,Marek Wozniak,Gdansk
1695,Piotr Wozniak,Warsaw
1696,Marek Kowalski,warsaw
1697,Jan Smith,krakow
1698,Maria Wozniak,warsaw
1699,Piotr Kowalski,Poznan
1700,Anna Wozniak,Krakow
1701,John Kowalski,Krakow
1702,John Nowak,Warsaw
1703,Kasia Smith,warsaw
1704,Marek Kowalski,Gdansk
1705,Marek Kowalski,krakow
1706,Marek Nowak,warsaw
1707,Maria Wozniak,gdansk
1708,Kasia Wozniak,krakow
1709,Kasia Wozniak,Warsaw
1710,Anna Zielinski,warsaw
1711,John Smith,Warsaw
1712,Piotr Zielinski,warsaw
1713,Anna Nowak,gdansk
1714,John Kowalski,warsaw
1715,John Smith,Krakow
1716,Jan Nowak,krakow
1717,Maria Zielinski,Krakow
1718,Jan Nowak,Poznan
1719,Anna Smith,Krakow
1720,Kasia Zielinski,Gdansk
1721,Maria Smith,krakow
1722,John Kowalski,Krakow
1723,Kasia Smith,Poznan
1724,Jan Kowalski,Poznan
1725,Kasia Nowak,warsaw
1726,Jan Kowalski,warsaw
1727,John Nowak,Gdansk
1728,Maria Kowalski,Warsaw
1729,Piotr Nowak,krakow
1730,John Smith,Poznan
1731,Maria Zielinski,Warsaw
1732,Maria Nowak,gdansk
1733,Anna Nowak,Warsaw
1734,John Nowak,krakow
1735,Kasia Wozniak,Warsaw
1736,Maria Smith,krakow
1737,John Kowalski,warsaw
1738,John Nowak,Krakow
1739,Kasia Nowak,gdansk
1740,Maria Smith,Gdansk
1741,Maria Kowalski,krakow
1742,Marek Nowak,Gdansk
1743,John Zielinski,Warsaw
1744,Piotr Nowak,Poznan
1745,Anna Wozniak,warsaw
1746,Maria Kowalski,Poznan
1747,Piotr Zielinski,warsaw
1748,Piotr Wozniak,Krakow
1749,Jan Nowak,Gdansk
1750,Kasia Kowalski,gdansk
1751,Kasia Smith,warsaw
1752,Anna Nowak,gdansk
1753,Anna Nowak,Poznan
1754,Maria Wozniak,warsaw
1755,Anna Zielinski,Warsaw
1756,John Nowak,Krakow
1757,John Kowalski,krakow
1758,Piotr Smith,krakow
1759,Anna Nowak,Poznan
1760,Jan Nowak,Poznan
1761,Piotr Smith,Poznan
1762,John Smith,krakow
1763,John Nowak,Warsaw
1764,Marek Nowak,Warsaw
1765,Marek Kowalski,gdansk
1766,John Kowalski,Krakow
1767,Piotr Wozniak,Gdansk
1768,Piotr Nowak,Krakow
1769,Marek Smith,warsaw
1770,Anna Wozniak,krakow
1771,Kasia Smith,Poznan
1772,Kasia Wozniak,Poznan
1773,Kasia Kowalski,Warsaw
1774,Jan Nowak,Poznan
1775,Jan Nowak,krakow
1776,Maria Wozniak,Poznan
1777,Maria Wozniak,warsaw
1778,Maria Wozniak,Poznan
1779,Piotr Zielinski,Warsaw
1780,Marek Kowalski,krakow
1781,Kasia Nowak,krakow
1782,Kasia Nowak,Warsaw
1783,Piotr Smith,Warsaw
1784,John Zielinski,Poznan
1785,John Zielinski,gdansk
1786,Maria Kowalski,gdansk
1787,Marek Smith,Gdansk
1788,Maria Zielinski,Warsaw
1789,Kasia Kowalski,krakow
1790,Piotr Wozniak,warsaw
1791,Marek Zielinski,Gdansk
1792,Anna Nowak,gdansk
1793,Jan Zielinski,Poznan
1794,Kasia Wozniak,Poznan
1795,Jan Nowak,Poznan
1796,Kasia Smith,warsaw
1797,Piotr Smith,Warsaw
1798,Maria Kowalski,Gdansk
1799,John Wozniak,krakow
1800,Marek Kowalski,Warsaw
1801,Kasia Wozniak,Poznan
1802,Maria Wozniak,Warsaw
1803,Marek Wozniak,krakow
1804,Piotr Nowak,krakow
1805,John Nowak,Warsaw
1806,Kasia Wozniak,Warsaw
1807,Maria Zielinski,Warsaw
1808,Marek Nowak,Poznan
1809,Maria Zielinski,gdansk
1810,Piotr Zielinski,Gdansk
1811,Jan Wozniak,Krakow
1812,Piotr Nowak,Poznan
1813,Jan Wozniak,Krakow
1814,Maria Zielinski,Gdansk
1815,Kasia Smith,gdansk
1816,Kasia Nowak,Warsaw
1817,Marek Kowalski,Warsaw
1818,Piotr Smith,Poznan
1819,John Smith,Gdansk
1820,Maria Smith,gdansk
1821,Anna Nowak,warsaw
1822,Kasia Kowalski,Poznan
1823,John Wozniak,Warsaw
1824,Piotr Zielinski,warsaw
1825,Jan Nowak,Poznan
1826,Kasia Kowalski,krakow
1827,Marek Kowalski,gdansk
1828,Piotr Nowak,Poznan
1829,Kasia Nowak,gdansk
1830,Marek Zielinski,Warsaw
1831,Marek Wozniak,krakow
1832,John Zielinski,Gdansk
1833,Jan Wozniak,Warsaw
1834,Maria Nowak,Gdansk
1835,Kasia Zielinski,krakow
1836,Maria Kowalski,gdansk
1837,Maria Kowalski,gdansk
1838,Marek Kowalski,Warsaw
1839,Kasia Zielinski,Gdansk
1840,Piotr Zielinski,krakow
1841,Kasia Zielinski,gdansk
1842,Marek Kowalski,Krakow
1843,Kasia Smith,Krakow
1844,Kasia Kowalski,warsaw
1845,Kasia Zielinski,gdansk
1846,John Zielinski,Krakow
1847,Marek Zielinski,Poznan
1848,Piotr Zielinski,gdansk
1849,Jan Kowalski,warsaw
1850,Maria Smith,gdansk
1851,Piotr Kowalski,gdansk
1852,John Kowalski,Gdansk
1853,Maria Smith,gdansk
1854,Anna Smith,Gdansk
1855,Kasia Zielinski,Gdansk
1856,John Wozniak,gdansk
1857,John Zielinski,Krakow
1858,Marek Wozniak,Poznan
1859,Anna Zielinski,Warsaw
1860,Anna Wozniak,warsaw
1861,Anna Nowak,warsaw
1862,Piotr Kowalski,Krakow
1863,John Smith,warsaw
1864,Marek Nowak,gdansk
1865,Marek Smith,warsaw
1866,Marek Zielinski,Warsaw
1867,Piotr Wozniak,Warsaw
1868,Maria Zielinski,Poznan
1869,Jan Zielinski,krakow
1870,Jan Zielinski,Poznan
1871,Marek Smith,gdansk
1872,John Nowak,krakow
1873,Kasia Wozniak,Poznan
1874,John Smith,Gdansk
1875,Anna Nowak,gdansk
1876,Piotr Kowalski,Gdansk
1877,Marek Wozniak,Poznan
1878,Jan Smith,Poznan
1879,Maria Zielinski,gdansk
1880,Maria Kowalski,Poznan
1881,John Kowalski,Krakow
1882,Kasia Kowalski,gdansk
1883,Anna Kowalski,warsaw
1884,John Zielinski,Warsaw
1885,Kasia Nowak,krakow
1886,Piotr Zielinski,Krakow
1887,Jan Kowalski,Gdansk
1888,Marek Smith,Warsaw
1889,Piotr Wozniak,gdansk
1890,Jan Nowak,warsaw
1891,Piotr Zielinski,Warsaw
1892,Marek Zielinski,Poznan
1893,John Smith,krakow
1894,Marek Zielinski,Gdansk
1895,Piotr Nowak,Poznan
1896,John Smith,Gdansk
1897,Jan Kowalski,Gdansk
1898,Anna Zielinski,warsaw
1899,Kasia Zielinski,Gdansk
1900,Kasia Nowak,Krakow
1901,Jan Kowalski,gdansk
1902,Piotr Smith,Krakow
1903,Piotr Kowalski,Poznan
1904,Maria Zielinski,krakow
1905,Maria Nowak,Warsaw
1906,John Smith,krakow
1907,Jan Zielinski,Gdansk
1908,Jan Nowak,gdansk
1909,Piotr Wozniak,Poznan
1910,Anna Wozniak,Krakow
1911,Maria Smith,Warsaw
1912,Maria Smith,Gdansk
1913,Marek Zielinski,krakow
1914,Kasia Nowak,Krakow
1915,John Kowalski,Krakow
1916,Maria Nowak,Warsaw
1917,Jan Zielinski,Gdansk
1918,Anna Nowak,warsaw
1919,John Kowalski,Poznan
1920,John Wozniak,Poznan
1921,Anna Kowalski,Gdansk
1922,Marek Wozniak,gdansk
1923,Marek Nowak,gdansk
1924,John Kowalski,Warsaw
1925,Kasia Smith,Warsaw
1926,Anna Nowak,Warsaw
1927,Jan Smith,Gdansk
1928,Anna Zielinski,Poznan
1929,Jan Smith,krakow
1930,Kasia Wozniak,gdansk
1931,Kasia Wozniak,Krakow
1932,Anna Wozniak,gdansk
1933,Anna Zielinski,Warsaw
1934,John Zielinski,Warsaw
1935,Marek Zielinski,Warsaw
1936,John Nowak,Krakow
1937,Maria Nowak,Krakow
1938,Marek Smith,Gdansk
1939,Anna Smith,Poznan
1940,Kasia Wozniak,krakow
1941,Marek Nowak,krakow
1942,Jan Zielinski,warsaw
1943,Jan Wozniak,Poznan
1944,Marek Zielinski,Krakow
1945,John Kowalski,Krakow
1946,John Smith,Warsaw
1947,Maria Zielinski,warsaw
1948,Anna Nowak,Warsaw
1949,Maria Zielinski,krakow
1950,Maria Zielinski,Warsaw
1951,Piotr Kowalski,gdansk
1952,John Smith,warsaw
1953,Kasia Zielinski,warsaw
1954,Jan Kowalski,warsaw
1955,Maria Smith,warsaw
1956,Anna Kowalski,gdansk
1957,Marek Zielinski,Poznan
1958,Anna Zielinski,krakow
1959,John Zielinski,Warsaw
1960,Piotr Nowak,Krakow
1961,Anna Kowalski,gdansk
1962,Maria Wozniak,Krakow
1963,Piotr Kowalski,gdansk
1964,John Kowalski,Warsaw
1965,Piotr Zielinski,Warsaw
1966,Jan Smith,krakow
1967,Kasia Smith,Gdansk
1968,John Smith,gdansk
1969,Maria Kowalski,Gdansk
1970,Maria Smith,Poznan
1971,Piotr Wozniak,warsaw
1972,Anna Smith,warsaw
1973,Marek Kowalski,gdansk
1974,John Wozniak,Krakow
1975,Marek Smith,warsaw
1976,John Smith,krakow
1977,Kasia Wozniak,Krakow
1978,Marek Smith,krakow
1979,Maria Nowak,warsaw
1980,John Zielinski,Warsaw
1981,Marek Smith,Poznan
1982,Marek Kowalski,Gdansk
1983,Jan Smith,gdansk
1984,John Nowak,gdansk
1985,Anna Nowak,Poznan
1986,Maria Nowak,Poznan
1987,Maria Zielinski,krakow
1988,Marek Zielinski,warsaw
1989,Anna Zielinski,Krakow
1990,Maria Zielinski,krakow
1991,John Kowalski,Krakow
1992,Kasia Kowalski,Poznan
1993,Maria Smith,warsaw
1994,Kasia Zielinski,Gdansk
1995,Anna Wozniak,Krakow
1996,Maria Nowak,gdansk
1997,Jan Zielinski,gdansk
1998,Jan Zielinski,warsaw
1999,Kasia Kowalski,warsaw
2000,Maria Zielinski,gdansk
2001,Marek Kowalski,gdansk
2002,John Wozniak,Krakow
2003,Anna Kowalski,Poznan
2004,Kasia Kowalski,Warsaw
2005,Piotr Smith,warsaw
2006,Anna Kowalski,Gdansk
2007,Marek Smith,krakow
2008,Kasia Wozniak,Warsaw
2009,Anna Smith,Warsaw
2010,John Zielinski,gdansk
2011,Marek Smith,Poznan
2012,John Smith,Gdansk
2013,Maria Zielinski,warsaw
2014,Kasia Wozniak,Krakow
2015,Maria Nowak,Gdansk
2016,Piotr Wozniak,warsaw
2017,Maria Wozniak,Krakow
2018,Marek Smith,krakow
2019,Marek Wozniak,Gdansk
2020,Anna Zielinski,warsaw
2021,Kasia Kowalski,warsaw
2022,Anna Zielinski,gdansk
2023,Piotr Kowalski,warsaw
2024,Jan Kowalski,Krakow
2025,Maria Nowak,gdansk
2026,Jan Wozniak,Poznan
2027,Piotr Nowak,krakow
2028,John Wozniak,krakow
2029,Jan Zielinski,warsaw
2030,John Wozniak,Warsaw
2031,Jan Nowak,warsaw
2032,Maria Zielinski,warsaw
2033,Jan Zielinski,Warsaw
2034,Maria Kowalski,Warsaw
2035,Jan Smith,warsaw
2036,Maria Wozniak,Gdansk
2037,Maria Nowak,gdansk
2038,John Smith,Warsaw
2039,Jan Wozniak,Gdansk
2040,Kasia Wozniak,warsaw
2041,Jan Wozniak,Gdansk
2042,Jan Zielinski,Poznan
2043,Marek Kowalski,Gdansk
2044,John Zielinski,Krakow
2045,Jan Smith,krakow
2046,Maria Zielinski,Warsaw
2047,Jan Wozniak,krakow
2048,Jan Nowak,Warsaw
2049,Jan Zielinski,Poznan
2050,Maria Wozniak,Poznan
2051,Jan Zielinski,Warsaw
2052,Jan Wozniak,Gdansk
2053,Maria Nowak,Poznan
2054,Maria Zielinski,Poznan
2055,Anna Nowak,krakow
2056,John Kowalski,Gdansk
2057,Maria Nowak,Poznan
2058,John Wozniak,Gdansk
2059,Kasia Smith,Poznan
2060,Anna Zielinski,krakow
2061,Jan Wozniak,Poznan
2062,Marek Wozniak,Krakow
2063,Maria Zielinski,Warsaw
2064,Kasia Kowalski,Krakow
2065,Kasia Kowalski,Poznan
2066,Anna Smith,Gdansk
2067,Maria Wozniak,Krakow
2068,Jan Nowak,gdansk
2069,John Nowak,Gdansk
2070,Maria Nowak,Gdansk
2071,Anna Wozniak,gdansk
2072,Jan Smith,krakow
2073,Piotr Nowak,warsaw
2074,Kasia Zielinski,Krakow
2075,Piotr Zielinski,krakow
2076,Maria Smith,Gdansk
2077,Piotr Wozniak,Poznan
2078,Jan Wozniak,Gdansk
2079,Marek Zielinski,krakow
2080,Jan Smith,Gdansk
2081,Maria Wozniak,Krakow
2082,Piotr Zielinski,Krakow
2083,Marek Wozniak,gdansk
2084,Jan Nowak,gdansk
2085,Jan Wozniak,Poznan
2086,John Kowalski,Warsaw
2087,Jan Zielinski,krakow
2088,Marek Smith,Poznan
2089,Maria Zielinski,gdansk
2090,John Nowak,warsaw
2091,Kasia Nowak,Poznan
2092,Anna Kowalski,krakow
2093,Maria Wozniak,Warsaw
2094,Anna Smith,warsaw
2095,Piotr Nowak,Gdansk
2096,Anna Wozniak,krakow
2097,Maria Zielinski,Krakow
2098,John Zielinski,Warsaw
2099,Marek Kowalski,gdansk
2100,Kasia Wozniak,Warsaw
2101,Jan Zielinski,Krakow
2102,Jan Nowak,Poznan
2103,Maria Zielinski,Gdansk
2104,John Kowalski,Gdansk
2105,Jan Nowak,Krakow
2106,Jan Nowak,warsaw
2107,Anna Smith,Poznan
2108,Kasia Smith,gdansk
2109,Kasia Wozniak,Gdansk
2110,Jan Zielinski,Warsaw
2111,John Nowak,Warsaw
2112,Maria Smith,gdansk
2113,Marek Zielinski,Gdansk
2114,Piotr Smith,Poznan
2115,Piotr Kowalski,Gdansk
2116,Jan Wozniak,krakow
2117,Maria Nowak,Krakow
2118,Jan Wozniak,Gdansk
2119,Anna Zielinski,Warsaw
2120,Maria Smith,Krakow
2121,Anna Zielinski,Krakow
2122,Maria Zielinski,Krakow
2123,John Wozniak,krakow
2124,Maria Wozniak,Poznan
2125,Jan Smith,Poznan
2126,Kasia Wozniak,Gdansk
2127,Marek Nowak,krakow
2128,Anna Smith,Warsaw
2129,Kasia Kowalski,gdansk
2130,John Kowalski,Poznan
2131,Piotr Wozniak,Krakow
2132,Maria Zielinski,Warsaw
2133,John Smith,warsaw
2134,Piotr Nowak,krakow
2135,John Smith,Warsaw
2136,Maria Kowalski,krakow
2137,Piotr Smith,warsaw
2138,Maria Smith,warsaw
2139,John Kowalski,krakow
2140,John Kowalski,warsaw
2141,John Kowalski,Poznan
2142,Piotr Kowalski,warsaw
2143,Jan Kowalski,Poznan
2144,Maria Smith,warsaw
2145,Marek Nowak,Warsaw
2146,Anna Wozniak,Gdansk
2147,Anna Zielinski,Warsaw
2148,Marek Wozniak,Krakow
2149,Maria Smith,krakow
2150,Maria Smith,krakow
2151,Jan Zielinski,Krakow
2152,Kasia Kowalski,Poznan
2153,Maria Kowalski,Warsaw
2154,Maria Wozniak,krakow
2155,Maria Nowak,Gdansk
2156,Piotr Wozniak,Poznan
2157,John Kowalski,krakow
2158,Anna Zielinski,krakow
2159,Piotr Nowak,Warsaw
2160,John Kowalski,krakow
2161,Maria Nowak,Krakow
2162,Piotr Zielinski,Poznan
2163,Piotr Kowalski,Gdansk
2164,Piotr Kowalski,Krakow
2165,Kasia Zielinski,Krakow
2166,Piotr Kowalski,krakow
2167,Kasia Kowalski,krakow
2168,John Smith,Krakow
2169,Marek Wozniak,Krakow
2170,Kasia Kowalski,Gdansk
2171,Jan Zielinski,gdansk
2172,Jan Nowak,gdansk
2173,Piotr Kowalski,Gdansk
2174,Kasia Wozniak,warsaw
2175,Jan Kowalski,krakow
2176,Marek Nowak,warsaw
2177,Kasia Wozniak,warsaw
2178,Marek Zielinski,Gdansk
2179,John Smith,Poznan
2180,Kasia Smith,Krakow
2181,Maria Zielinski,Warsaw
2182,Kasia Nowak,gdansk
2183,Jan Nowak,warsaw
2184,Marek Smith,krakow
2185,Marek Nowak,krakow
2186,John Smith,Krakow
2187,Piotr Smith,Gdansk
2188,Maria Smith,Krakow
2189,Anna Wozniak,Warsaw
2190,Piotr Zielinski,warsaw
2191,Maria Zielinski,gdansk
2192,John Zielinski,warsaw
2193,Marek Smith,Krakow
2194,Piotr Zielinski,krakow
2195,Marek Wozniak,Warsaw
2196,Kasia Zielinski,Krakow
2197,Kasia Kowalski,Poznan
2198,Jan Smith,krakow
2199,John Zielinski,Gdansk
2200,Kasia Nowak,Warsaw
2201,Jan Smith,warsaw
2202,Piotr Smith,gdansk
2203,Piotr Smith,Gdansk
2204,John Wozniak,Krakow
2205,Kasia Smith,gdansk
2206,Maria Zielinski,krakow
2207,Kasia Kowalski,warsaw
2208,Marek Nowak,warsaw
2209,John Kowalski,gdansk
2210,Piotr Nowak,warsaw
2211,Jan Wozniak,Warsaw
2212,Anna Nowak,krakow
2213,Maria Nowak,Warsaw
2214,Marek Wozniak,Gdansk
2215,Marek Nowak,Warsaw
2216,Piotr Zielinski,warsaw
2217,Anna Wozniak,Krakow
2218,Jan Kowalski,gdansk
2219,Piotr Wozniak,gdansk
2220,Jan Kowalski,Gdansk
2221,Marek Kowalski,Warsaw
2222,Anna Smith,Poznan
2223,Piotr Wozniak,krakow
2224,Marek Zielinski,Krakow
2225,Maria Wozniak,warsaw
2226,John Zielinski,warsaw
2227,Maria Zielinski,krakow
2228,John Zielinski,krakow
2229,Maria Zielinski,Krakow
2230,Piotr Wozniak,Gdansk
2231,Jan Nowak,krakow
2232,Piotr Smith,krakow
2233,Piotr Kowalski,Krakow
2234,Anna Nowak,Gdansk
2235,Marek Kowalski,Krakow
2236,Piotr Wozniak,Gdansk
2237,Anna Wozniak,Poznan
2238,Kasia Smith,Warsaw
2239,Marek Wozniak,Poznan
2240,Piotr Zielinski,warsaw
2241,Marek Nowak,Gdansk
2242,Piotr Kowalski,krakow
2243,Maria Wozniak,krakow
2244,Jan Kowalski,gdansk
2245,John Wozniak,Poznan
2246,Kasia Kowalski,Krakow
2247,Anna Wozniak,gdansk
2248,Jan Zielinski,Poznan
2249,Marek Zielinski,Poznan
2250,John Smith,Krakow
2251,John Zielinski,Poznan
2252,Piotr Wozniak,warsaw
2253,Marek Nowak,warsaw
2254,Jan Smith,Warsaw
2255,John Wozniak,Gdansk
2256,Kasia Smith,gdansk
2257,Maria Wozniak,warsaw
2258,Piotr Nowak,warsaw
2259,Anna Zielinski,Warsaw
2260,Jan Nowak,Krakow
2261,Piotr Kowalski,gdansk
2262,Kasia Nowak,warsaw
2263,Anna Kowalski,Warsaw
2264,Kasia Kowalski,Krakow
2265,Kasia Smith,Poznan
2266,Marek Wozniak,Krakow
2267,Kasia Nowak,Krakow
2268,Anna Kowalski,Warsaw
2269,Piotr Wozniak,Warsaw
2270,Maria Wozniak,warsaw
2271,Jan Smith,Poznan
2272,Kasia Nowak,Warsaw
2273,Marek Kowalski,krakow
2274,Marek Wozniak,warsaw
2275,John Nowak,warsaw
2276,Kasia Nowak,Gdansk
2277,John Kowalski,krakow
2278,Kasia Smith,Krakow
2279,Jan Nowak,gdansk
2280,Maria Zielinski,Warsaw
2281,Piotr Wozniak,gdansk
2282,Piotr Kowalski,Krakow
2283,Anna Kowalski,Warsaw
2284,Jan Wozniak,Krakow
2285,Anna Kowalski,Poznan
2286,Piotr Zielinski,Warsaw
2287,Kasia Kowalski,Warsaw
2288,Anna Zielinski,Poznan
2289,John Wozniak,gdansk
2290,Maria Kowalski,Krakow
2291,Marek Nowak,warsaw
2292,Jan Wozniak,Warsaw
2293,John Zielinski,Krakow
2294,Marek Nowak,Warsaw
2295,Piotr Kowalski,gdansk
2296,Maria Nowak,warsaw
2297,Kasia Kowalski,Krakow
2298,Maria Smith,Poznan
2299,Kasia Kowalski,Warsaw
2300,John Wozniak,Krakow
2301,John Kowalski,Krakow
2302,Anna Wozniak,gdansk
2303,Kasia Zielinski,Krakow
2304,Maria Wozniak,warsaw
2305,Maria Kowalski,Gdansk
2306,Piotr Smith,gdansk
2307,Kasia Smith,Poznan
2308,Marek Zielinski,Poznan
2309,Maria Kowalski,Warsaw
2310,Maria Kowalski,krakow
2311,Piotr Smith,Gdansk
2312,Piotr Wozniak,Warsaw
2313,Marek Zielinski,krakow
2314,John Kowalski,Warsaw
2315,Maria Smith,Poznan
2316,Maria Kowalski,Krakow
2317,John Nowak,gdansk
2318,Maria Wozniak,warsaw
2319,Maria Wozniak,Poznan
2320,Maria Kowalski,Gdansk
2321,Piotr Smith,krakow
2322,John Smith,Warsaw
2323,Anna Zielinski,gdansk
2324,Anna Nowak,Poznan
2325,Jan Kowalski,Poznan
2326,Anna Kowalski,Warsaw
2327,Kasia Kowalski,Warsaw
2328,Anna Zielinski,gdansk
2329,Marek Wozniak,gdansk
2330,Kasia Zielinski,Gdansk
2331,John Zielinski,Krakow
2332,Anna Smith,warsaw
2333,Maria Nowak,Warsaw
2334,Jan Wozniak,Poznan
2335,Anna Wozniak,Poznan
2336,John Nowak,Krakow
2337,Maria Wozniak,Poznan
2338,Piotr Nowak,Poznan
2339,Maria Smith,Gdansk
2340,Anna Nowak,Poznan
2341,Piotr Nowak,warsaw
2342,Maria Nowak,Warsaw
2343,John Kowalski,Gdansk
2344,Kasia Kowalski,warsaw
2345,Maria Kowalski,Gdansk
2346,John Kowalski,Gdansk
2347,John Zielinski,krakow
2348,John Nowak,Poznan
2349,John Zielinski,Krakow
2350,John Wozniak,gdansk
2351,John Wozniak,Warsaw
2352,Jan Kowalski,Gdansk
2353,Kasia Zielinski,Krakow
2354,John Kowalski,Gdansk
2355,Maria Wozniak,Krakow
2356,Piotr Zielinski,Krakow
2357,Marek Smith,krakow
2358,Marek Wozniak,Poznan
2359,John Smith,Gdansk
2360,Jan Zielinski,Gdansk
2361,Jan Wozniak,Poznan
2362,Maria Smith,Krakow
2363,Kasia Wozniak,krakow
2364,Anna Nowak,Krakow
2365,Maria Nowak,Gdansk
2366,Jan Smith,Warsaw
2367,Piotr Kowalski,warsaw
2368,Marek Smith,Warsaw
2369,Marek Smith,Gdansk
2370,Maria Zielinski,Gdansk
2371,Maria Kowalski,Warsaw
2372,Anna Wozniak,Krakow
2373,Jan Kowalski,Krakow
2374,Piotr Zielinski,warsaw
2375,Jan Smith,Poznan
2376,Piotr Nowak,Gdansk
2377,Kasia Zielinski,warsaw
2378,John Nowak,gdansk
2379,Piotr Wozniak,warsaw
2380,Kasia Zielinski,Poznan
2381,Anna Zielinski,gdansk
2382,Piotr Nowak,gdansk
2383,Marek Zielinski,krakow
2384,Anna Nowak,Poznan
2385,Piotr Smith,Poznan
2386,Kasia Wozniak,Poznan
2387,Anna Kowalski,gdansk
2388,John Zielinski,Warsaw
2389,John Wozniak,Warsaw
2390,Piotr Zielinski,Warsaw
2391,Piotr Zielinski,Gdansk
2392,Jan Smith,Gdansk
2393,John Kowalski,warsaw
2394,Anna Wozniak,krakow
2395,Marek Zielinski,Gdansk
2396,Maria Nowak,warsaw
2397,Kasia Smith,Poznan
2398,Kasia Kowalski,warsaw
2399,Piotr Nowak,krakow
2400,Maria Nowak,Gdansk
2401,Kasia Smith,Warsaw
2402,Kasia Zielinski,krakow
2403,Marek Kowalski,Poznan
2404,Jan Wozniak,Gdansk
2405,Jan Wozniak,krakow
2406,John Zielinski,warsaw
2407,Maria Zielinski,gdansk
2408,Maria Kowalski,warsaw
2409,Anna Smith,Poznan
2410,Kasia Smith,gdansk
2411,Maria Nowak,Warsaw
2412,John Wozniak,krakow
2413,Piotr Smith,warsaw
2414,Piotr Smith,Gdansk
2415,John Nowak,Poznan
2416,Piotr Kowalski,Krakow
2417,Maria Wozniak,Gdansk
2418,Jan Wozniak,Warsaw
2419,Marek Kowalski,warsaw
2420,John Smith,warsaw
2421,Marek Nowak,Warsaw
2422,John Nowak,warsaw
2423,Maria Kowalski,Poznan
2424,Marek Smith,Warsaw
2425,Piotr Nowak,Krakow
2426,Kasia Wozniak,Warsaw
2427,Piotr Kowalski,gdansk
2428,Maria Kowalski,warsaw
2429,Maria Zielinski,Poznan
2430,Piotr Zielinski,krakow
2431,Maria Kowalski,gdansk
2432,John Nowak,krakow
2433,Maria Zielinski,Warsaw
2434,Piotr Kowalski,Warsaw
2435,Piotr Kowalski,Poznan
2436,John Zielinski,Krakow
2437,Anna Wozniak,gdansk
2438,Anna Nowak,krakow
2439,John Smith,gdansk
2440,Marek Smith,Poznan
2441,Anna Nowak,Krakow
2442,Marek Wozniak,warsaw
2443,Kasia Zielinski,gdansk
2444,Anna Smith,krakow
2445,Marek Zielinski,Gdansk
2446,Anna Kowalski,warsaw
2447,Maria Wozniak,Gdansk
2448,John Nowak,Warsaw
2449,Jan Zielinski,Krakow
2450,Piotr Wozniak,krakow
2451,John Kowalski,Warsaw
2452,Piotr Smith,Krakow
2453,John Smith,warsaw
2454,Maria Smith,Poznan
2455,Anna Smith,krakow
2456,Marek Nowak,Gdansk
2457,Piotr Kowalski,warsaw
2458,Piotr Wozniak,gdansk
2459,Jan Nowak,gdansk
2460,Kasia Zielinski,gdansk
2461,Maria Kowalski,krakow
2462,Jan Zielinski,warsaw
2463,Kasia Smith,Gdansk
2464,Piotr Wozniak,Gdansk
2465,Jan Kowalski,gdansk
2466,Jan Zielinski,Gdansk
2467,John Kowalski,Poznan
2468,Jan Smith,gdansk
2469,John Zielinski,warsaw
2470,Kasia Kowalski,gdansk
2471,Maria Kowalski,Krakow
2472,Anna Zielinski,Gdansk
2473,John Nowak,warsaw
2474,Piotr Kowalski,gdansk
2475,Anna Smith,krakow
2476,Kasia Smith,krakow
2477,John Smith,warsaw
2478,Marek Kowalski,Warsaw
2479,Jan Kowalski,Warsaw
2480,Marek Zielinski,Gdansk
2481,Piotr Zielinski,Gdansk
2482,Maria Kowalski,Gdansk
2483,Jan Kowalski,gdansk
2484,Anna Smith,Warsaw
2485,John Wozniak,warsaw
2486,Maria Zielinski,krakow
2487,John Smith,warsaw
2488,Marek Wozniak,krakow
2489,Kasia Kowalski,warsaw
2490,Jan Kowalski,Warsaw
2491,Kasia Nowak,Krakow
2492,Kasia Kowalski,gdansk
2493,John Kowalski,Poznan
2494,Jan Nowak,warsaw
2495,Kasia Zielinski,krakow
2496,John Smith,Poznan
2497,Kasia Kowalski,krakow
2498,Kasia Nowak,Gdansk
2499,John Wozniak,gdansk
2500,Piotr Wozniak,Gdansk
2501,John Zielinski,Gdansk
2502,Maria Zielinski,gdansk
2503,John Nowak,Gdansk
2504,Anna Wozniak,krakow
2505,Marek Nowak,warsaw
2506,Maria Zielinski,krakow
2507,John Nowak,Gdansk
2508,Kasia Zielinski,Poznan
2509,John Nowak,warsaw
2510,Piotr Wozniak,krakow
2511,Piotr Smith,krakow
2512,Jan Wozniak,Krakow
2513,Maria Nowak,gdansk
2514,Maria Kowalski,krakow
2515,Marek Wozniak,Warsaw
2516,John Zielinski,Warsaw
2517,Jan Zielinski,gdansk
2518,Maria Kowalski,krakow
2519,Kasia Smith,krakow
2520,Anna Kowalski,krakow
2521,Maria Kowalski,krakow
2522,Anna Smith,Krakow
2523,John Kowalski,gdansk
2524,John Nowak,Warsaw
2525,Anna Wozniak,gdansk
2526,Piotr Nowak,Gdansk
2527,John Wozniak,gdansk
2528,Marek Zielinski,Gdansk
2529,Jan Wozniak,Gdansk
2530,Kasia Nowak,Poznan
2531,Jan Smith,Gdansk
2532,Marek Kowalski,warsaw
2533,Marek Kowalski,warsaw
2534,Marek Nowak,krakow
2535,Piotr Smith,gdansk
2536,Marek Wozniak,Krakow
2537,John Kowalski,Warsaw
2538,Jan Kowalski,Warsaw
2539,Maria Smith,Warsaw
2540,Kasia Wozniak,Poznan
2541,Kasia Zielinski,Poznan
2542,Anna Zielinski,krakow
2543,Jan Kowalski,Gdansk
2544,John Wozniak,krakow
2545,Kasia Wozniak,Warsaw
2546,Maria Zielinski,Warsaw
2547,Jan Zielinski,Krakow
2548,Maria Zielinski,Poznan
2549,Marek Kowalski,Warsaw
2550,Jan Kowalski,Warsaw
2551,John Smith,Warsaw
2552,Jan Nowak,gdansk
2553,Maria Zielinski,Krakow
2554,Piotr Nowak,Warsaw
2555,Anna Wozniak,warsaw
2556,Jan Smith,Gdansk
2557,John Zielinski,Gdansk
2558,Marek Zielinski,warsaw
2559,Kasia Zielinski,Krakow
2560,Anna Nowak,Poznan
2561,Piotr Smith,Krakow
2562,Kasia Nowak,Poznan
2563,Kasia Zielinski,Warsaw
2564,Piotr Wozniak,warsaw
2565,Anna Smith,Krakow
2566,Maria Wozniak,Gdansk
2567,Jan Kowalski,Gdansk
2568,Anna Nowak,Gdansk
2569,John Zielinski,Warsaw
2570,Kasia Zielinski,Poznan
2571,John Smith,krakow
2572,Maria Smith,Krakow
2573,Maria Zielinski,Gdansk
2574,Piotr Kowalski,Gdansk
2575,Maria Wozniak,Gdansk
2576,John Wozniak,krakow
2577,Marek Kowalski,Gdansk
2578,Jan Smith,warsaw
2579,Anna Nowak,Warsaw
2580,Kasia Nowak,gdansk
2581,Marek Kowalski,Poznan
2582,Maria Wozniak,krakow
2583,Anna Smith,Krakow
2584,Maria Kowalski,Warsaw
2585,John Kowalski,gdansk
2586,Piotr Smith,Poznan
2587,Anna Smith,Krakow
2588,Maria Zielinski,Krakow
2589,Marek Nowak,Warsaw
2590,John Smith,Krakow
2591,Kasia Zielinski,Gdansk
2592,Anna Kowalski,warsaw
2593,Piotr Smith,gdansk
2594,Kasia Wozniak,Poznan
2595,Anna Kowalski,krakow
2596,Jan Wozniak,Poznan
2597,Maria Smith,krakow
2598,Marek Wozniak,gdansk
2599,Anna Zielinski,Krakow
2600,Maria Smith,Gdansk
2601,Maria Nowak,warsaw
2602,Maria Smith,Poznan
2603,Marek Smith,Warsaw
2604,Jan Smith,Poznan
2605,Anna Smith,krakow
2606,John Zielinski,Poznan
2607,Jan Zielinski,Gdansk
2608,Kasia Kowalski,Gdansk
2609,Anna Smith,gdansk
2610,Marek Smith,gdansk
2611,Anna Smith,krakow
2612,Anna Wozniak,warsaw
2613,Piotr Wozniak,Poznan
2614,Piotr Kowalski,Gdansk
2615,Piotr Kowalski,Warsaw
2616,Piotr Nowak,Poznan
2617,Jan Nowak,krakow
2618,Maria Nowak,Poznan
2619,Kasia Zielinski,warsaw
2620,Jan Smith,krakow
2621,John Zielinski,Krakow
2622,Marek Smith,warsaw
2623,Marek Nowak,Poznan
2624,Maria Kowalski,warsaw
2625,John Nowak,krakow
2626,Kasia Zielinski,Warsaw
2627,Anna Smith,Warsaw
2628,John Zielinski,Poznan
2629,Anna Smith,krakow
2630,Anna Nowak,Gdansk
2631,Marek Smith,Warsaw
2632,Maria Smith,gdansk
2633,Jan Smith,warsaw
2634,Jan Smith,Krakow
2635,Maria Smith,Poznan
2636,Kasia Nowak,Krakow
2637,Jan Kowalski,Krakow
2638,Anna Nowak,Gdansk
2639,Maria Zielinski,Warsaw
2640,Jan Zielinski,Krakow
2641,Maria Smith,Krakow
2642,Jan Smith,Gdansk
2643,Jan Kowalski,Warsaw
2644,Piotr Zielinski,Krakow
2645,Maria Wozniak,Warsaw
2646,Jan Nowak,krakow
2647,John Nowak,Warsaw
2648,Kasia Nowak,Warsaw
2649,Kasia Wozniak,warsaw
2650,John Zielinski,Gdansk
2651,John Wozniak,Gdansk
2652,Piotr Smith,Krakow
2653,Marek Kowalski,gdansk
2654,Marek Zielinski,Warsaw
2655,Marek Wozniak,Gdansk
2656,Jan Nowak,Poznan
2657,Marek Wozniak,Warsaw
2658,Kasia Smith,gdansk
2659,John Wozniak,krakow
2660,Jan Kowalski,warsaw
2661,Marek Zielinski,Krakow
2662,Piotr Wozniak,warsaw
2663,John Smith,Poznan
2664,Marek Smith,krakow
2665,Kasia Nowak,Warsaw
2666,Kasia Nowak,Krakow
2667,Kasia Wozniak,Poznan
2668,Jan Smith,Poznan
2669,Piotr Zielinski,Gdansk
2670,Jan Zielinski,Warsaw
2671,Kasia Nowak,Krakow
2672,Maria Nowak,Poznan
2673,Piotr Zielinski,krakow
2674,Kasia Zielinski,krakow
2675,Jan Zielinski,warsaw
2676,Maria Kowalski,krakow
2677,Kasia Nowak,Krakow
2678,Jan Zielinski,krakow
2679,Marek Wozniak,Gdansk
2680,Marek Smith,Gdansk
2681,John Kowalski,warsaw
2682,John Nowak,gdansk
2683,John Zielinski,Poznan
2684,Kasia Nowak,Gdansk
2685,Maria Wozniak,Krakow
2686,Maria Nowak,Poznan
2687,Kasia Kowalski,Krakow
2688,Kasia Nowak,Gdansk
2689,Anna Zielinski,Poznan
2690,Marek Wozniak,Krakow
2691,Kasia Nowak,Warsaw
2692,Jan Kowalski,Gdansk
2693,Marek Nowak,Poznan
2694,Jan Kowalski,krakow
2695,Maria Smith,krakow
2696,Maria Zielinski,krakow
2697,Jan Kowalski,gdansk
2698,Piotr Smith,Gdansk
2699,Marek Smith,krakow
2700,John Smith,Warsaw
2701,Maria Nowak,Gdansk
2702,Maria Wozniak,Poznan
2703,Jan Smith,Warsaw
2704,Piotr Zielinski,Warsaw
2705,Anna Zielinski,Poznan
2706,Piotr Nowak,Poznan
2707,Piotr Nowak,warsaw
2708,Kasia Zielinski,krakow
2709,John Smith,gdansk
2710,Kasia Wozniak,krakow
2711,Kasia Zielinski,warsaw
2712,John Kowalski,krakow
2713,Jan Kowalski,Gdansk
2714,Kasia Smith,Poznan
2715,Kasia Kowalski,Krakow
2716,Marek Kowalski,warsaw
2717,Anna Nowak,gdansk
2718,Anna Kowalski,gdansk
2719,Kasia Wozniak,warsaw
2720,Anna Kowalski,gdansk
2721,Marek Wozniak,Poznan
2722,Kasia Zielinski,krakow
2723,Maria Kowalski,krakow
2724,Maria Wozniak,Gdansk
2725,Marek Wozniak,krakow
2726,Piotr Kowalski,warsaw
2727,Kasia Zielinski,Warsaw
2728,Maria Wozniak,Poznan
2729,John Kowalski,gdansk
2730,Maria Smith,krakow
2731,Maria Zielinski,Krakow
2732,Anna Nowak,Gdansk
2733,Kasia Smith,Warsaw
2734,Maria Wozniak,gdansk
2735,Anna Kowalski,gdansk
2736,John Zielinski,Poznan
2737,Marek Smith,krakow
2738,Maria Nowak,Gdansk
2739,Maria Nowak,warsaw
2740,Kasia Nowak,gdansk
2741,John Zielinski,Poznan
2742,Maria Smith,Gdansk
2743,Anna Smith,Gdansk
2744,Marek Nowak,krakow
2745,Kasia Zielinski,krakow
2746,Maria Smith,krakow
2747,Piotr Smith,Krakow
2748,Jan Nowak,gdansk
2749,Maria Smith,gdansk
2750,Marek Zielinski,Krakow
2751,Anna Wozniak,Gdansk
2752,Jan Zielinski,Warsaw
2753,John Smith,Poznan
2754,John Zielinski,Warsaw
2755,Piotr Wozniak,Warsaw
2756,Jan Zielinski,Warsaw
2757,Marek Smith,Krakow
2758,Jan Zielinski,Krakow
2759,Piotr Smith,Warsaw
2760,John Nowak,Gdansk
2761,Jan Zielinski,gdansk
2762,Jan Wozniak,Krakow
2763,Marek Kowalski,Krakow
2764,Marek Kowalski,krakow
2765,Jan Zielinski,Poznan
2766,Anna Smith,Warsaw
2767,Jan Zielinski,Poznan
2768,Jan Wozniak,Poznan
2769,Kasia Wozniak,warsaw
2770,John Wozniak,gdansk
2771,John Kowalski,warsaw
2772,Maria Smith,Warsaw
2773,John Smith,Poznan
2774,Marek Nowak,Warsaw
2775,Jan Wozniak,krakow
2776,Kasia Smith,krakow
2777,John Zielinski,warsaw
2778,Kasia Wozniak,krakow
2779,Piotr Kowalski,Gdansk
2780,Marek Wozniak,Warsaw
2781,Piotr Wozniak,krakow
2782,John Smith,Gdansk
2783,John Nowak,Warsaw
2784,Maria Smith,Poznan
2785,Kasia Zielinski,gdansk
2786,Marek Smith,Krakow
2787,Piotr Smith,Poznan
2788,Anna Smith,gdansk
2789,Maria Wozniak,krakow
2790,Marek Kowalski,gdansk
2791,John Zielinski,Poznan
2792,Jan Zielinski,Krakow
2793,John Kowalski,Krakow
2794,Maria Nowak,gdansk
2795,Anna Nowak,Warsaw
2796,Kasia Nowak,Gdansk
2797,Anna Wozniak,Krakow
2798,Jan Smith,Krakow
2799,Jan Nowak,Warsaw
2800,Maria Nowak,Warsaw
2801,Maria Kowalski,Gdansk
2802,John Nowak,gdansk
2803,Anna Nowak,Poznan
2804,Maria Kowalski,krakow
2805,John Zielinski,Poznan
2806,Jan Nowak,gdansk
2807,Jan Smith,Krakow
2808,Kasia Nowak,gdansk
2809,Kasia Smith,Poznan
2810,Kasia Smith,Krakow
2811,Jan Nowak,Krakow
2812,Marek Nowak,krakow
2813,Kasia Smith,Warsaw
2814,Piotr Smith,warsaw
2815,Kasia Nowak,krakow
2816,Jan Zielinski,krakow
2817,Jan Wozniak,Warsaw
2818,Jan Zielinski,Poznan
2819,Kasia Kowalski,Gdansk
2820,John Nowak,krakow
2821,John Smith,Warsaw
2822,Anna Nowak,Warsaw
2823,Maria Smith,Poznan
2824,Kasia Nowak,krakow
2825,Jan Nowak,Warsaw
2826,John Wozniak,Krakow
2827,Jan Smith,krakow
2828,Maria Nowak,Gdansk
2829,John Wozniak,krakow
2830,Kasia Wozniak,Poznan
2831,John Nowak,Gdansk
2832,Jan Nowak,krakow
2833,John Wozniak,Warsaw
2834,Maria Zielinski,Krakow
2835,Piotr Smith,krakow
2836,Anna Nowak,Krakow
2837,Maria Smith,Warsaw
2838,Marek Wozniak,Poznan
2839,Marek Smith,gdansk
2840,Jan Kowalski,Gdansk
2841,Anna Wozniak,gdansk
2842,Jan Smith,gdansk
2843,Kasia Nowak,gdansk
2844,John Smith,krakow
2845,Anna Wozniak,gdansk
2846,Jan Kowalski,Warsaw
2847,Jan Nowak,gdansk
2848,Maria Kowalski,krakow
2849,Kasia Nowak,Poznan
2850,Maria Smith,krakow
2851,Maria Wozniak,Warsaw
2852,Anna Smith,Warsaw
2853,Piotr Nowak,krakow
2854,Anna Kowalski,Poznan
2855,John Zielinski,krakow
2856,John Zielinski,warsaw
2857,John Zielinski,warsaw
2858,Anna Nowak,gdansk
2859,Jan Wozniak,gdansk
2860,Anna Wozniak,Gdansk
2861,Anna Kowalski,gdansk
2862,John Kowalski,Warsaw
2863,Jan Nowak,Krakow
2864,Marek Nowak,krakow
2865,Maria Kowalski,Poznan
2866,Maria Nowak,Poznan
2867,Marek Nowak,Warsaw
2868,Kasia Zielinski,Poznan
2869,Maria Kowalski,Warsaw
2870,Marek Kowalski,krakow
2871,Piotr Wozniak,Krakow
2872,Anna Zielinski,Gdansk
2873,Jan Smith,Poznan
2874,Marek Kowalski,Poznan
2875,Anna Zielinski,warsaw
2876,Piotr Nowak,Warsaw
2877,Piotr Kowalski,Poznan
2878,Kasia Kowalski,gdansk
2879,Piotr Zielinski,warsaw
2880,Kasia Kowalski,Gdansk
2881,Anna Kowalski,Warsaw
2882,Marek Zielinski,krakow
2883,Marek Kowalski,Warsaw
2884,Kasia Nowak,Warsaw
2885,Anna Kowalski,Warsaw
2886,John Zielinski,Krakow
2887,Kasia Wozniak,gdansk
2888,Jan Kowalski,warsaw
2889,John Smith,Gdansk
2890,Kasia Wozniak,warsaw
2891,Jan Zielinski,gdansk
2892,Anna Zielinski,warsaw
2893,John Wozniak,Gdansk
2894,Anna Smith,Krakow
2895,Kasia Nowak,Gdansk
2896,Jan Kowalski,Warsaw
2897,Maria Nowak,Gdansk
2898,Piotr Zielinski,Gdansk
2899,Jan Wozniak,Poznan
2900,John Kowalski,Krakow
2901,Anna Kowalski,Warsaw
2902,Marek Kowalski,gdansk
2903,Marek Wozniak,krakow
2904,Jan Kowalski,gdansk
2905,Anna Nowak,gdansk
2906,Piotr Smith,warsaw
2907,Kasia Smith,Krakow
2908,Maria Wozniak,Warsaw
2909,Anna Nowak,Gdansk
2910,Jan Kowalski,Poznan
2911,Anna Wozniak,Gdansk
2912,Anna Nowak,warsaw
2913,John Wozniak,Gdansk
2914,Maria Smith,krakow
2915,Jan Smith,warsaw
2916,Marek Nowak,Krakow
2917,Jan Nowak,warsaw
2918,John Wozniak,Poznan
2919,Jan Wozniak,warsaw
2920,Anna Wozniak,Gdansk
2921,Kasia Nowak,krakow
2922,Jan Kowalski,Gdansk
2923,Kasia Kowalski,krakow
2924,Piotr Kowalski,krakow
2925,John Kowalski,gdansk
2926,Piotr Smith,warsaw
2927,Piotr Kowalski,Warsaw
2928,John Zielinski,Warsaw
2929,Piotr Kowalski,Warsaw
2930,Marek Wozniak,krakow
2931,Kasia Kowalski,Poznan
2932,Piotr Kowalski,Krakow
2933,Maria Kowalski,Poznan
2934,Marek Zielinski,warsaw
2935,Maria Zielinski,Poznan
2936,Jan Nowak,krakow
2937,Marek Zielinski,krakow
2938,Marek Kowalski,Gdansk
2939,Kasia Wozniak,Krakow
2940,Anna Wozniak,gdansk
2941,Marek Kowalski,warsaw
2942,Piotr Wozniak,Gdansk
2943,Jan Zielinski,warsaw
2944,Maria Nowak,krakow
2945,Anna Nowak,krakow
2946,John Zielinski,Warsaw
2947,Kasia Zielinski,krakow
2948,Kasia Nowak,krakow
2949,Kasia Kowalski,Warsaw
2950,Maria Nowak,gdansk
2951,John Wozniak,warsaw
2952,Jan Smith,Krakow
2953,Jan Nowak,Warsaw
2954,Kasia Smith,warsaw
2955,John Wozniak,Poznan
2956,Maria Zielinski,Warsaw
2957,Kasia Wozniak,Poznan
2958,Jan Wozniak,warsaw
2959,Marek Smith,gdansk
2960,Kasia Nowak,Poznan
2961,John Nowak,krakow
2962,John Smith,Gdansk
2963,Anna Smith,krakow
2964,Marek Smith,gdansk
2965,Maria Zielinski,Gdansk
2966,Marek Kowalski,Poznan
2967,John Nowak,Gdansk
2968,Piotr Nowak,Gdansk
2969,John Smith,Warsaw
2970,Anna Wozniak,Krakow
2971,Kasia Zielinski,Warsaw
2972,Piotr Smith,warsaw
2973,John Zielinski,gdansk
2974,Anna Zielinski,gdansk
2975,Marek Kowalski,warsaw
2976,Piotr Kowalski,Gdansk
2977,Anna Wozniak,gdansk
2978,Marek Zielinski,Poznan
2979,John Kowalski,Poznan
2980,John Kowalski,Krakow
2981,Piotr Smith,Gdansk
2982,John Wozniak,Krakow
2983,Anna Nowak,Krakow
2984,Piotr Wozniak,krakow
2985,Maria Zielinski,Poznan
2986,Anna Wozniak,gdansk
2987,Maria Zielinski,Krakow
2988,Kasia Zielinski,Krakow
2989,Marek Nowak,warsaw
2990,Kasia Nowak,Warsaw
2991,Kasia Kowalski,Krakow
2992,Anna Nowak,warsaw
2993,Piotr Nowak,gdansk
2994,Jan Wozniak,warsaw
2995,Marek Kowalski,Gdansk
2996,John Nowak,Krakow
2997,Kasia Zielinski,warsaw
2998,Kasia Smith,krakow
2999,Kasia Nowak,Krakow
3000,Jan Nowak,Warsaw
3001,Marek Kowalski,Poznan
3002,Maria Smith,krakow
3003,Maria Smith,gdansk
3004,John Smith,krakow
3005,Maria Zielinski,Poznan
3006,Maria Wozniak,krakow
3007,Piotr Zielinski,warsaw
3008,Marek Smith,warsaw
3009,Marek Smith,warsaw
3010,Kasia Smith,Krakow
3011,Marek Nowak,warsaw
3012,Piotr Smith,krakow
3013,Jan Zielinski,warsaw
3014,John Zielinski,Krakow
3015,Jan Kowalski,Poznan
3016,John Kowalski,warsaw
3017,Jan Nowak,Warsaw
3018,Piotr Zielinski,warsaw
3019,Kasia Smith,Krakow
3020,Jan Kowalski,Gdansk
3021,John Nowak,gdansk
3022,Piotr Smith,warsaw
3023,Piotr Wozniak,Gdansk
3024,Jan Zielinski,Krakow
3025,Anna Nowak,krakow
3026,Kasia Kowalski,krakow
3027,Piotr Kowalski,Warsaw
3028,John Zielinski,Gdansk
3029,Piotr Smith,krakow
3030,Piotr Zielinski,gdansk
3031,Jan Zielinski,gdansk
3032,Kasia Smith,gdansk
3033,Anna Wozniak,Warsaw
3034,Jan Zielinski,Warsaw
3035,Piotr Nowak,krakow
3036,Maria Kowalski,krakow
3037,Piotr Nowak,Krakow
3038,Anna Zielinski,gdansk
3039,Jan Zielinski,Gdansk
3040,Jan Smith,warsaw
3041,Anna Nowak,Gdansk
3042,Marek Wozniak,gdansk
3043,John Nowak,Gdansk
3044,Kasia Kowalski,krakow
3045,Piotr Zielinski,Gdansk
3046,Maria Nowak,gdansk
3047,Piotr Wozniak,warsaw
3048,John Wozniak,Krakow
3049,Kasia Smith,Warsaw
3050,Piotr Smith,Krakow
3051,Piotr Wozniak,Poznan
3052,Maria Nowak,warsaw
3053,John Wozniak,gdansk
3054,Kasia Wozniak,Krakow
3055,Jan Wozniak,gdansk
3056,Kasia Kowalski,Poznan
3057,Maria Zielinski,Warsaw
3058,Jan Kowalski,Krakow
3059,Kasia Zielinski,Krakow
3060,Anna Zielinski,Poznan
3061,Kasia Nowak,Warsaw
3062,Kasia Smith,krakow
3063,Jan Zielinski,krakow
3064,John Zielinski,Poznan
3065,Jan Kowalski,warsaw
3066,Marek Wozniak,Krakow
3067,Maria Wozniak,Warsaw
3068,Marek Smith,Poznan
3069,Maria Smith,krakow
3070,Maria Wozniak,warsaw
3071,Anna Nowak,warsaw
3072,Piotr Smith,gdansk
3073,Marek Wozniak,Warsaw
3074,John Smith,krakow
3075,Jan Wozniak,gdansk
3076,John Kowalski,Warsaw
3077,Anna Smith,krakow
3078,Anna Zielinski,gdansk
3079,Piotr Zielinski,krakow
3080,Maria Wozniak,Poznan
3081,Piotr Wozniak,gdansk
3082,Marek Nowak,Krakow
3083,Maria Zielinski,Warsaw
3084,Marek Smith,warsaw
3085,Maria Nowak,warsaw
3086,Piotr Wozniak,gdansk
3087,Jan Smith,warsaw
3088,Anna Smith,Krakow
3089,Kasia Smith,Warsaw
3090,Piotr Smith,Gdansk
3091,John Nowak,Gdansk
3092,Jan Kowalski,Poznan
3093,Anna Zielinski,Poznan
3094,Jan Zielinski,Krakow
3095,Marek Smith,Poznan
3096,Marek Smith,Krakow
3097,John Smith,Warsaw
3098,Maria Zielinski,Krakow
3099,Marek Kowalski,Warsaw
3100,Jan Zielinski,Krakow
3101,Piotr Wozniak,krakow
3102,Piotr Kowalski,Warsaw
3103,Jan Kowalski,Gdansk
3104,Jan Kowalski,Poznan
3105,Maria Zielinski,gdansk
3106,Marek Zielinski,Poznan
3107,Maria Zielinski,gdansk
3108,Marek Nowak,krakow
3109,Kasia Nowak,Warsaw
3110,Marek Kowalski,Warsaw
3111,Kasia Smith,Krakow
3112,John Smith,warsaw
3113,Marek Wozniak,Gdansk
3114,Maria Smith,warsaw
3115,John Smith,Warsaw
3116,John Nowak,warsaw
3117,Jan Kowalski,gdansk
3118,Jan Smith,warsaw
3119,Jan Kowalski,Warsaw
3120,Kasia Nowak,Warsaw
3121,Anna Wozniak,Poznan
3122,Kasia Nowak,warsaw
3123,Anna Nowak,Poznan
3124,John Zielinski,Gdansk
3125,Anna Wozniak,Warsaw
3126,Piotr Nowak,Warsaw
3127,Piotr Nowak,Poznan
3128,Anna Nowak,Gdansk
3129,Jan Zielinski,warsaw
3130,Jan Smith,Warsaw
3131,Anna Kowalski,Poznan
3132,John Smith,Gdansk
3133,Piotr Smith,warsaw
3134,Marek Zielinski,Poznan
3135,John Zielinski,warsaw
3136,Maria Zielinski,Warsaw
3137,Anna Zielinski,Poznan
3138,Anna Zielinski,warsaw
3139,John Kowalski,Krakow
3140,Jan Zielinski,Warsaw
3141,John Nowak,warsaw
3142,Maria Wozniak,Krakow
3143,John Zielinski,warsaw
3144,Kasia Nowak,warsaw
3145,Marek Smith,krakow
3146,Kasia Kowalski,Gdansk
3147,Jan Wozniak,Warsaw
3148,Marek Smith,Warsaw
3149,Kasia Nowak,Gdansk
3150,Jan Wozniak,Poznan
3151,Piotr Smith,Gdansk
3152,John Nowak,Warsaw
3153,Piotr Wozniak,Warsaw
3154,Kasia Smith,krakow
3155,Maria Smith,gdansk
3156,Marek Wozniak,warsaw
3157,Maria Wozniak,Krakow
3158,Marek Wozniak,warsaw
3159,Marek Nowak,Poznan
3160,Marek Wozniak,gdansk
3161,Piotr Kowalski,Warsaw
3162,John Wozniak,gdansk
3163,Anna Wozniak,krakow
3164,Maria Nowak,Warsaw
3165,Jan Wozniak,krakow
3166,John Zielinski,Warsaw
3167,John Kowalski,Warsaw
3168,Piotr Kowalski,Krakow
3169,Jan Zielinski,Poznan
3170,Kasia Nowak,warsaw
3171,Marek Wozniak,gdansk
3172,Kasia Smith,Poznan
3173,John Zielinski,Gdansk
3174,Piotr Wozniak,Krakow
3175,Kasia Zielinski,krakow
3176,Kasia Zielinski,Krakow
3177,Jan Wozniak,Warsaw
3178,Anna Smith,krakow
3179,Kasia Kowalski,gdansk
3180,Jan Nowak,Warsaw
3181,John Nowak,Poznan
3182,Anna Wozniak,gdansk
3183,Anna Kowalski,krakow
3184,Maria Smith,warsaw
3185,Piotr Zielinski,Gdansk
3186,Anna Nowak,gdansk
3187,Marek Zielinski,Poznan
3188,Kasia Wozniak,warsaw
3189,Piotr Wozniak,krakow
3190,Maria Smith,Gdansk
3191,Piotr Zielinski,Gdansk
3192,Anna Nowak,krakow
3193,Anna Wozniak,krakow
3194,Piotr Wozniak,krakow
3195,Kasia Nowak,Warsaw
3196,Jan Zielinski,gdansk
3197,Marek Smith,gdansk
3198,Jan Wozniak,krakow
3199,Jan Smith,gdansk
3200,Kasia Wozniak,Poznan
3201,Anna Zielinski,gdansk
3202,Kasia Zielinski,gdansk
3203,Maria Zielinski,krakow
3204,Kasia Zielinski,Poznan
3205,Jan Zielinski,Warsaw
3206,Kasia Smith,krakow
3207,Maria Wozniak,Gdansk
3208,John Smith,Poznan
3209,Piotr Smith,Warsaw
3210,Anna Zielinski,Warsaw
3211,Jan Smith,Krakow
3212,Marek Zielinski,Warsaw
3213,Marek Smith,krakow
3214,Anna Wozniak,Krakow
3215,Piotr Wozniak,Krakow
3216,Anna Kowalski,warsaw
3217,Jan Smith,Gdansk
3218,Anna Nowak,Poznan
3219,Piotr Nowak,Krakow
3220,Jan Nowak,Gdansk
3221,Piotr Nowak,krakow
3222,John Wozniak,Gdansk
3223,Maria Wozniak,Krakow
3224,Anna Wozniak,Gdansk
3225,Anna Smith,krakow
3226,Maria Wozniak,Krakow
3227,Maria Nowak,Poznan
3228,Kasia Nowak,gdansk
3229,John Kowalski,Krakow
3230,Kasia Zielinski,Poznan
3231,Marek Smith,warsaw
3232,Maria Smith,Krakow
3233,Kasia Kowalski,krakow
3234,John Nowak,Poznan
3235,Marek Zielinski,warsaw
3236,Piotr Smith,Warsaw
3237,Piotr Zielinski,krakow
3238,Marek Kowalski,Gdansk
3239,John Nowak,gdansk
3240,Marek Zielinski,Warsaw
3241,Maria Smith,Krakow
3242,Anna Zielinski,Poznan
3243,Maria Wozniak,krakow
3244,Jan Smith,Poznan
3245,Anna Smith,Gdansk
3246,Marek Smith,krakow
3247,John Zielinski,Krakow
3248,Jan Wozniak,krakow
3249,Piotr Zielinski,Gdansk
3250,Kasia Zielinski,warsaw
3251,Anna Zielinski,Poznan
3252,Jan Zielinski,krakow
3253,Jan Wozniak,Krakow
3254,John Zielinski,Poznan
3255,Maria Wozniak,Gdansk
3256,John Nowak,Gdansk
3257,Jan Smith,krakow
3258,Jan Kowalski,warsaw
3259,John Smith,Poznan
3260,Kasia Wozniak,Krakow
3261,Marek Nowak,gdansk
3262,Jan Wozniak,Krakow
3263,Marek Smith,gdansk
3264,Jan Smith,gdansk
3265,Maria Kowalski,krakow
3266,Jan Nowak,warsaw
3267,Jan Nowak,warsaw
3268,Marek Smith,krakow
3269,Kasia Zielinski,krakow
3270,Kasia Nowak,warsaw
3271,Jan Smith,warsaw
3272,Anna Smith,Poznan
3273,Marek Smith,gdansk
3274,Maria Kowalski,gdansk
3275,Marek Nowak,gdansk
3276,Kasia Nowak,Warsaw
3277,Marek Nowak,Krakow
3278,Maria Smith,Poznan
3279,Anna Wozniak,Krakow
3280,John Nowak,krakow
3281,Marek Kowalski,warsaw
3282,Anna Zielinski,gdansk
3283,Maria Nowak,Gdansk
3284,John Zielinski,Poznan
3285,Maria Smith,krakow
3286,Anna Kowalski,Gdansk
3287,Anna Smith,Krakow
3288,Marek Zielinski,gdansk
3289,Kasia Kowalski,krakow
3290,Jan Kowalski,Warsaw
3291,Jan Kowalski,Krakow
3292,Kasia Wozniak,Krakow
3293,Marek Zielinski,Warsaw
3294,Kasia Zielinski,Krakow
3295,John Nowak,Krakow
3296,Maria Wozniak,krakow
3297,John Kowalski,Krakow
3298,Marek Kowalski,Krakow
3299,Kasia Smith,Poznan
3300,Piotr Nowak,gdansk
3301,Maria Nowak,Poznan
3302,John Nowak,gdansk
3303,Marek Kowalski,Krakow
3304,Maria Wozniak,Krakow
3305,John Smith,Poznan
3306,John Nowak,Gdansk
3307,Marek Kowalski,Poznan
3308,Kasia Wozniak,Warsaw
3309,Kasia Smith,Krakow
3310,Anna Kowalski,Krakow
3311,Jan Kowalski,krakow
3312,John Smith,Poznan
3313,Marek Wozniak,Poznan
3314,Anna Smith,Poznan
3315,Anna Wozniak,krakow
3316,John Wozniak,Poznan
3317,Piotr Wozniak,Poznan
3318,Anna Kowalski,gdansk
3319,Piotr Zielinski,Warsaw
3320,Piotr Wozniak,Gdansk
3321,John Zielinski,gdansk
3322,Piotr Wozniak,gdansk
3323,Anna Nowak,gdansk
3324,John Kowalski,gdansk
3325,Kasia Kowalski,Warsaw
3326,Kasia Kowalski,gdansk
3327,Piotr Smith,Gdansk
3328,Anna Nowak,warsaw
3329,Jan Zielinski,gdansk
3330,Marek Kowalski,Poznan
3331,Maria Wozniak,Poznan
3332,Piotr Wozniak,krakow
3333,Marek Kowalski,Krakow
3334,Jan Zielinski,Poznan
3335,Piotr Smith,warsaw
3336,Anna Wozniak,Krakow
3337,Jan Wozniak,krakow
3338,Marek Zielinski,warsaw
3339,Anna Nowak,Gdansk
3340,John Zielinski,gdansk
3341,Jan Nowak,krakow
3342,Jan Smith,gdansk
3343,Marek Kowalski,Warsaw
3344,Kasia Zielinski,krakow
3345,Maria Smith,warsaw
3346,Anna Smith,warsaw
3347,Maria Nowak,Warsaw
3348,John Zielinski,krakow
3349,Marek Wozniak,Poznan
3350,John Wozniak,Warsaw
3351,Jan Kowalski,warsaw
3352,Marek Smith,Krakow
3353,John Wozniak,krakow
3354,Jan Wozniak,Poznan
3355,Jan Zielinski,warsaw
3356,Marek Smith,gdansk
3357,John Kowalski,krakow
3358,Jan Wozniak,Poznan
3359,Jan Nowak,Krakow
3360,Piotr Kowalski,Gdansk
3361,Kasia Kowalski,Krakow
3362,Maria Wozniak,Warsaw
3363,Anna Wozniak,warsaw
3364,Marek Smith,gdansk
3365,Kasia Kowalski,gdansk
3366,Kasia Wozniak,gdansk
3367,Maria Smith,Warsaw
3368,Anna Zielinski,Warsaw
3369,Anna Smith,warsaw
3370,Kasia Smith,Gdansk
3371,John Zielinski,gdansk
3372,John Nowak,Warsaw
3373,Piotr Zielinski,Gdansk
3374,Kasia Smith,krakow
3375,John Smith,warsaw
3376,Maria Nowak,Gdansk
3377,Jan Smith,warsaw
3378,Maria Wozniak,Krakow
3379,Kasia Kowalski,Warsaw
3380,Piotr Zielinski,krakow
3381,Jan Smith,Warsaw
3382,Piotr Nowak,warsaw
3383,Kasia Smith,gdansk
3384,Piotr Wozniak,Krakow
3385,Piotr Zielinski,Poznan
3386,Marek Smith,Gdansk
3387,Piotr Wozniak,warsaw
3388,Piotr Wozniak,Poznan
3389,Jan Zielinski,Poznan
3390,John Wozniak,Warsaw
3391,Jan Kowalski,Warsaw
3392,Jan Kowalski,Warsaw
3393,Kasia Smith,warsaw
3394,John Wozniak,krakow
3395,Anna Wozniak,Warsaw
3396,Kasia Smith,gdansk
3397,Maria Wozniak,krakow
3398,Kasia Nowak,Poznan
3399,John Kowalski,Warsaw
3400,Piotr Nowak,warsaw
3401,Marek Smith,warsaw
3402,Marek Kowalski,gdansk
3403,Maria Smith,Gdansk
3404,John Zielinski,warsaw
3405,Maria Nowak,Gdansk
3406,Marek Zielinski,warsaw
3407,Kasia Nowak,warsaw
3408,Marek Wozniak,gdansk
3409,Anna Smith,Warsaw
3410,Piotr Nowak,krakow
3411,Piotr Zielinski,Warsaw
3412,Marek Smith,warsaw
3413,Anna Nowak,krakow
3414,Marek Wozniak,krakow
3415,John Smith,Gdansk
3416,John Nowak,Krakow
3417,Anna Zielinski,krakow
3418,Piotr Zielinski,warsaw
3419,Jan Nowak,Poznan
3420,John Smith,Krakow
3421,Marek Nowak,gdansk
3422,Anna Zielinski,Gdansk
3423,Kasia Nowak,krakow
3424,Piotr Kowalski,warsaw
3425,Marek Wozniak,Warsaw
3426,Anna Kowalski,warsaw
3427,Kasia Wozniak,Krakow
3428,John Kowalski,Warsaw
3429,Piotr Wozniak,Poznan
3430,Kasia Smith,gdansk
3431,Maria Kowalski,Krakow
3432,John Nowak,Poznan
3433,Piotr Zielinski,warsaw
3434,Kasia Wozniak,krakow
3435,Kasia Smith,Gdansk
3436,Maria Wozniak,Warsaw
3437,Marek Wozniak,Poznan
3438,Piotr Zielinski,warsaw
3439,Kasia Wozniak,Warsaw
3440,Anna Zielinski,Krakow
3441,Kasia Kowalski,gdansk
3442,John Kowalski,krakow
3443,Maria Zielinski,Warsaw
3444,Piotr Wozniak,krakow
3445,Anna Wozniak,Krakow
3446,Jan Kowalski,gdansk
3447,Piotr Kowalski,Gdansk
3448,Kasia Smith,Gdansk
3449,Anna Zielinski,Warsaw
3450,Anna Zielinski,Warsaw
3451,Maria Wozniak,krakow
3452,Anna Wozniak,gdansk
3453,John Zielinski,Poznan
3454,Piotr Smith,Krakow
3455,Maria Nowak,Poznan
3456,Maria Nowak,Warsaw
3457,John Wozniak,warsaw
3458,Marek Kowalski,Poznan
3459,Kasia Nowak,Warsaw
3460,Kasia Smith,Krakow
3461,Maria Wozniak,Poznan
3462,John Wozniak,Gdansk
3463,Marek Smith,Krakow
3464,Marek Kowalski,warsaw
3465,Jan Nowak,gdansk
3466,Maria Smith,Poznan
3467,John Nowak,krakow
3468,Maria Nowak,Warsaw
3469,Kasia Nowak,Warsaw
3470,Jan Wozniak,krakow
3471,John Wozniak,Poznan
3472,John Zielinski,gdansk
3473,Kasia Smith,Gdansk
3474,Marek Zielinski,Krakow
3475,John Wozniak,Poznan
3476,Piotr Nowak,warsaw
3477,Jan Nowak,warsaw
3478,Anna Nowak,gdansk
3479,Jan Nowak,warsaw
3480,Kasia Kowalski,gdansk
3481,Jan Wozniak,Poznan
3482,John Zielinski,warsaw
3483,Anna Smith,Poznan
3484,Kasia Kowalski,krakow
3485,Kasia Nowak,Warsaw
3486,Jan Kowalski,gdansk
3487,John Wozniak,krakow
3488,Kasia Nowak,Poznan
3489,Kasia Zielinski,warsaw
3490,Jan Smith,Gdansk
3491,Marek Wozniak,Warsaw
3492,Piotr Nowak,Warsaw
3493,John Wozniak,krakow
3494,Marek Wozniak,gdansk
3495,Maria Zielinski,gdansk
3496,Maria Smith,Warsaw
3497,Kasia Wozniak,krakow
3498,Maria Zielinski,gdansk
3499,Maria Wozniak,warsaw
3500,John Nowak,Gdansk
3501,Anna Wozniak,Gdansk
3502,Piotr Zielinski,Warsaw
3503,Piotr Wozniak,krakow
3504,Anna Wozniak,Gdansk
3505,John Smith,krakow
3506,John Wozniak,Warsaw
3507,Jan Smith,gdansk
3508,Jan Wozniak,Krakow
3509,Kasia Kowalski,Gdansk
3510,Jan Zielinski,gdansk
3511,Piotr Zielinski,Poznan
3512,Marek Wozniak,warsaw
3513,Piotr Wozniak,krakow
3514,Marek Smith,Poznan
3515,Kasia Kowalski,Gdansk
3516,Jan Smith,gdansk
3517,John Nowak,gdansk
3518,Kasia Kowalski,warsaw
3519,Jan Kowalski,Gdansk
3520,Kasia Nowak,Poznan
3521,Kasia Wozniak,Krakow
3522,Jan Kowalski,Gdansk
3523,Anna Nowak,Krakow
3524,Piotr Smith,gdansk
3525,Jan Kowalski,Poznan
3526,Marek Zielinski,Warsaw
3527,Marek Nowak,Krakow
3528,Kasia Nowak,Gdansk
3529,Jan Nowak,Gdansk
3530,Jan Wozniak,Krakow
3531,Piotr Smith,Poznan
3532,Anna Zielinski,Krakow
3533,Jan Zielinski,Gdansk
3534,John Nowak,gdansk
3535,Anna Wozniak,Poznan
3536,Kasia Nowak,Warsaw
3537,Marek Zielinski,Gdansk
3538,Marek Nowak,Poznan
3539,Maria Nowak,Gdansk
3540,Anna Kowalski,gdansk
3541,Anna Kowalski,Krakow
3542,Jan Smith,gdansk
3543,Kasia Zielinski,krakow
3544,John Nowak,warsaw
3545,John Smith,Krakow
3546,Marek Kowalski,Warsaw
3547,Marek Kowalski,krakow
3548,Kasia Nowak,warsaw
3549,Marek Wozniak,Krakow
3550,Piotr Zielinski,warsaw
3551,Anna Smith,Krakow
3552,John Wozniak,Krakow
3553,John Kowalski,warsaw
3554,Marek Zielinski,krakow
3555,Marek Kowalski,warsaw
3556,Marek Wozniak,krakow
3557,Kasia Wozniak,Poznan
3558,Maria Smith,Warsaw
3559,Kasia Kowalski,Poznan
3560,Anna Zielinski,Warsaw
3561,Anna Smith,Krakow
3562,Kasia Kowalski,krakow
3563,Anna Wozniak,Poznan
3564,Anna Kowalski,Gdansk
3565,Anna Zielinski,Krakow
3566,Kasia Wozniak,gdansk
3567,John Zielinski,Poznan
3568,Piotr Smith,Krakow
3569,Anna Smith,Gdansk
3570,Maria Kowalski,gdansk
3571,Kasia Wozniak,gdansk
3572,Jan Zielinski,Gdansk
3573,Marek Zielinski,gdansk
3574,Kasia Smith,Poznan
3575,Marek Wozniak,Poznan
3576,Jan Smith,Warsaw
3577,Anna Zielinski,Krakow
3578,Kasia Kowalski,Gdansk
3579,Maria Smith,warsaw
3580,Anna Zielinski,Gdansk
3581,Piotr Zielinski,Krakow
3582,Marek Kowalski,Warsaw
3583,Anna Zielinski,Gdansk
3584,Piotr Kowalski,Poznan
3585,Marek Smith,gdansk
3586,Kasia Zielinski,Warsaw
3587,John Nowak,Poznan
3588,Piotr Smith,gdansk
3589,Maria Smith,Warsaw
3590,Anna Nowak,krakow
3591,Piotr Zielinski,gdansk
3592,Anna Wozniak,Krakow
3593,Jan Zielinski,Gdansk
3594,John Zielinski,Poznan
3595,Maria Kowalski,Krakow
3596,Piotr Smith,gdansk
3597,Marek Zielinski,gdansk
3598,Jan Wozniak,Gdansk
3599,John Kowalski,Warsaw
3600,Piotr Zielinski,Gdansk
3601,Jan Smith,krakow
3602,Anna Kowalski,gdansk
3603,Kasia Wozniak,Warsaw
3604,Anna Nowak,krakow
3605,Jan Wozniak,warsaw
3606,Kasia Nowak,Krakow
3607,John Zielinski,krakow
3608,Maria Zielinski,Gdansk
3609,Marek Wozniak,Poznan
3610,Piotr Zielinski,krakow
3611,John Wozniak,krakow
3612,John Wozniak,gdansk
3613,Kasia Kowalski,warsaw
3614,Maria Kowalski,krakow
3615,John Wozniak,warsaw
3616,John Zielinski,Poznan
3617,Maria Nowak,gdansk
3618,Jan Wozniak,krakow
3619,Anna Kowalski,Gdansk
3620,Piotr Nowak,Gdansk
3621,Marek Wozniak,Warsaw
3622,Anna Smith,Gdansk
3623,Piotr Nowak,Gdansk
3624,Jan Nowak,Krakow
3625,Piotr Smith,Krakow
3626,Piotr Wozniak,Warsaw
3627,Marek Kowalski,warsaw
3628,Marek Zielinski,krakow
3629,Anna Smith,Krakow
3630,Jan Kowalski,Poznan
3631,John Wozniak,Warsaw
3632,Anna Zielinski,Krakow
3633,Anna Nowak,krakow
3634,Kasia Zielinski,Krakow
3635,Maria Wozniak,Krakow
3636,Marek Wozniak,krakow
3637,Marek Zielinski,warsaw
3638,Marek Kowalski,Gdansk
3639,John Wozniak,Poznan
3640,Kasia Wozniak,warsaw
3641,Marek Smith,Warsaw
3642,Marek Zielinski,gdansk
3643,Maria Wozniak,krakow
3644,Jan Wozniak,Krakow
3645,Maria Nowak,gdansk
3646,Kasia Smith,gdansk
3647,Anna Kowalski,gdansk
3648,Anna Zielinski,gdansk
3649,Marek Smith,Gdansk
3650,John Nowak,gdansk
3651,Maria Nowak,warsaw
3652,Maria Zielinski,Gdansk
3653,Marek Nowak,Gdansk
3654,Maria Kowalski,Poznan
3655,Kasia Zielinski,Warsaw
3656,Anna Zielinski,warsaw
3657,Anna Smith,Poznan
3658,Jan Kowalski,Poznan
3659,John Zielinski,krakow
3660,Anna Zielinski,Gdansk
3661,Piotr Wozniak,Gdansk
3662,Anna Wozniak,Poznan
3663,Anna Smith,krakow
3664,Jan Wozniak,Warsaw
3665,Marek Zielinski,Krakow
3666,Kasia Smith,Warsaw
3667,Anna Nowak,Gdansk
3668,Jan Smith,warsaw
3669,Jan Smith,Poznan
3670,Anna Kowalski,Krakow
3671,Kasia Kowalski,Warsaw
3672,Maria Smith,warsaw
3673,Anna Nowak,Krakow
3674,Kasia Nowak,Krakow
3675,Jan Wozniak,Krakow
3676,Piotr Wozniak,Poznan
3677,Anna Nowak,warsaw
3678,Jan Zielinski,Gdansk
3679,Jan Wozniak,Gdansk
3680,Marek Zielinski,krakow
3681,Anna Smith,Warsaw
3682,Piotr Wozniak,Gdansk
3683,Kasia Nowak,krakow
3684,Anna Wozniak,gdansk
3685,Jan Nowak,Krakow
3686,Maria Zielinski,gdansk
3687,Anna Kowalski,Poznan
3688,Maria Kowalski,Krakow
3689,Maria Wozniak,krakow
3690,Anna Zielinski,warsaw
3691,Marek Kowalski,Krakow
3692,Maria Kowalski,Poznan
3693,Jan Zielinski,krakow
3694,Maria Wozniak,Warsaw
3695,Anna Wozniak,Poznan
3696,Maria Smith,gdansk
3697,Jan Nowak,Warsaw
3698,Kasia Smith,Gdansk
3699,Piotr Wozniak,Krakow
3700,Marek Kowalski,Gdansk
3701,Marek Zielinski,Krakow
3702,Anna Kowalski,gdansk
3703,Maria Zielinski,Warsaw
3704,Piotr Nowak,krakow
3705,John Nowak,Poznan
3706,Jan Zielinski,Krakow
3707,Kasia Kowalski,Gdansk
3708,Maria Smith,gdansk
3709,Piotr Smith,Poznan
3710,John Wozniak,Krakow
3711,Jan Smith,Krakow
3712,Jan Wozniak,Gdansk
3713,Piotr Nowak,gdansk
3714,Jan Nowak,Gdansk
3715,Kasia Nowak,Warsaw
3716,John Kowalski,krakow
3717,Maria Wozniak,Poznan
3718,Kasia Zielinski,Warsaw
3719,Marek Nowak,Gdansk
3720,Anna Wozniak,gdansk
3721,Anna Smith,Poznan
3722,Kasia Zielinski,Krakow
3723,Kasia Kowalski,Poznan
3724,Marek Nowak,Warsaw
3725,Kasia Smith,warsaw
3726,Kasia Nowak,warsaw
3727,John Nowak,Poznan
3728,Piotr Smith,warsaw
3729,Anna Zielinski,gdansk
3730,Piotr Kowalski,warsaw
3731,Kasia Smith,Warsaw
3732,Piotr Wozniak,gdansk
3733,John Zielinski,warsaw
3734,Anna Kowalski,Poznan
3735,John Wozniak,Warsaw
3736,Marek Smith,Gdansk
3737,Maria Wozniak,warsaw
3738,Maria Kowalski,gdansk
3739,John Zielinski,gdansk
3740,John Zielinski,Gdansk
3741,Jan Nowak,Gdansk
3742,Jan Nowak,warsaw
3743,Piotr Zielinski,Poznan
3744,Jan Zielinski,gdansk
3745,Marek Smith,warsaw
3746,Marek Nowak,gdansk
3747,John Zielinski,Gdansk
3748,Piotr Zielinski,krakow
3749,Anna Wozniak,gdansk
3750,John Nowak,Poznan
3751,Piotr Wozniak,Poznan
3752,Kasia Smith,Warsaw
3753,John Zielinski,krakow
3754,Kasia Smith,Gdansk
3755,Marek Nowak,gdansk
3756,Jan Nowak,Krakow
3757,Kasia Zielinski,krakow
3758,Piotr Nowak,krakow
3759,Jan Smith,Warsaw
3760,Maria Nowak,gdansk
3761,Jan Wozniak,Warsaw
3762,Jan Kowalski,warsaw
3763,Piotr Smith,Warsaw
3764,John Nowak,Warsaw
3765,Kasia Wozniak,Poznan
3766,Anna Zielinski,Poznan
3767,John Smith,Poznan
3768,Piotr Kowalski,Warsaw
3769,Kasia Kowalski,Krakow
3770,Marek Nowak,Poznan
3771,Piotr Zielinski,Poznan
3772,Jan Nowak,Poznan
3773,Maria Zielinski,krakow
3774,Marek Nowak,gdansk
3775,Kasia Zielinski,Warsaw
3776,Anna Nowak,Warsaw
3777,Kasia Smith,Poznan
3778,John Nowak,Poznan
3779,Jan Nowak,Poznan
3780,Kasia Nowak,Krakow
3781,Maria Wozniak,Warsaw
3782,Anna Nowak,Gdansk
3783,Anna Smith,Poznan
3784,Kasia Wozniak,Warsaw
3785,Maria Wozniak,warsaw
3786,Marek Zielinski,Poznan
3787,John Zielinski,Warsaw
3788,Kasia Wozniak,krakow
3789,Marek Wozniak,Gdansk
3790,Maria Nowak,Krakow
3791,John Nowak,krakow
3792,Maria Smith,Gdansk
3793,Jan Nowak,Warsaw
3794,Anna Zielinski,gdansk
3795,Anna Zielinski,Poznan
3796,Marek Kowalski,Gdansk
3797,Jan Zielinski,Krakow
3798,Piotr Wozniak,krakow
3799,John Zielinski,krakow
3800,Jan Kowalski,warsaw
3801,Marek Nowak,Warsaw
3802,Jan Smith,Gdansk
3803,Kasia Zielinski,gdansk
3804,Marek Smith,Krakow
3805,Maria Zielinski,Poznan
3806,Jan Kowalski,krakow
3807,Piotr Zielinski,Krakow
3808,Piotr Smith,Warsaw
3809,Maria Zielinski,gdansk
3810,John Kowalski,Warsaw
3811,Jan Zielinski,Poznan
3812,Marek Zielinski,Poznan
3813,Anna Wozniak,Krakow
3814,Jan Kowalski,gdansk
3815,Jan Nowak,Krakow
3816,Jan Wozniak,gdansk
3817,John Wozniak,Gdansk
3818,John Smith,Poznan
3819,Maria Zielinski,Krakow
3820,Maria Smith,krakow
3821,Piotr Kowalski,Warsaw
3822,Kasia Nowak,krakow
3823,Jan Nowak,gdansk
3824,Jan Kowalski,krakow
3825,Maria Kowalski,warsaw
3826,Kasia Smith,Poznan
3827,John Wozniak,warsaw
3828,Kasia Kowalski,Poznan
3829,Anna Smith,Warsaw
3830,Anna Smith,Warsaw
3831,Maria Nowak,warsaw
3832,Piotr Wozniak,warsaw
3833,John Zielinski,Poznan
3834,Piotr Nowak,Warsaw
3835,Jan Kowalski,Krakow
3836,Jan Kowalski,Krakow
3837,John Kowalski,Krakow
3838,Marek Zielinski,warsaw
3839,Jan Kowalski,Warsaw
3840,Jan Smith,Warsaw
3841,Anna Kowalski,krakow
3842,John Nowak,Krakow
3843,Jan Smith,krakow
3844,Jan Smith,Poznan
3845,Piotr Kowalski,Gdansk
3846,Marek Zielinski,krakow
3847,John Nowak,Warsaw
3848,Jan Kowalski,Poznan
3849,Jan Kowalski,Gdansk
3850,Kasia Smith,Krakow
3851,Maria Wozniak,gdansk
3852,Jan Nowak,Poznan
3853,Maria Zielinski,warsaw
3854,Marek Zielinski,Krakow
3855,Marek Kowalski,Krakow
3856,Jan Nowak,gdansk
3857,Marek Smith,Poznan
3858,Jan Zielinski,Gdansk
3859,Kasia Kowalski,gdansk
3860,Anna Wozniak,Poznan
3861,John Zielinski,Warsaw
3862,Jan Zielinski,krakow
3863,Marek Zielinski,Krakow
3864,Kasia Zielinski,krakow
3865,Jan Smith,gdansk
3866,Piotr Zielinski,gdansk
3867,Kasia Wozniak,krakow
3868,Piotr Zielinski,krakow
3869,John Zielinski,gdansk
3870,Anna Kowalski,warsaw
3871,Jan Wozniak,Poznan
3872,Jan Wozniak,warsaw
3873,Piotr Wozniak,krakow
3874,Maria Kowalski,Poznan
3875,Piotr Smith,Gdansk
3876,Anna Kowalski,Poznan
3877,Anna Smith,krakow
3878,Maria Smith,warsaw
3879,Maria Nowak,krakow
3880,Maria Zielinski,Krakow
3881,Kasia Wozniak,krakow
3882,Kasia Wozniak,Krakow
3883,Marek Wozniak,Krakow
3884,Piotr Wozniak,Warsaw
3885,Jan Wozniak,warsaw
3886,Piotr Nowak,Krakow
3887,Anna Smith,Poznan
3888,Maria Zielinski,Gdansk
3889,John Nowak,Poznan
3890,Piotr Kowalski,Warsaw
3891,Anna Nowak,Krakow
3892,Anna Zielinski,warsaw
3893,Piotr Kowalski,gdansk
3894,Piotr Smith,Krakow
3895,John Smith,warsaw
3896,John Zielinski,warsaw
3897,Marek Zielinski,Krakow
3898,Anna Smith,Krakow
3899,Marek Smith,Poznan
3900,Kasia Wozniak,Poznan
3901,Maria Nowak,krakow
3902,John Zielinski,Poznan
3903,Jan Wozniak,warsaw
3904,Jan Kowalski,krakow
3905,Jan Zielinski,Gdansk
3906,Marek Zielinski,Poznan
3907,Kasia Wozniak,Krakow
3908,Marek Nowak,Krakow
3909,Marek Kowalski,krakow
3910,Marek Wozniak,warsaw
3911,Kasia Wozniak,Poznan
3912,Maria Nowak,Krakow
3913,Jan Zielinski,Poznan
3914,Jan Smith,gdansk
3915,Anna Wozniak,Poznan
3916,John Smith,Krakow
3917,Jan Wozniak,krakow
3918,John Wozniak,Poznan
3919,Marek Zielinski,Krakow
3920,Piotr Zielinski,Warsaw
3921,Maria Nowak,warsaw
3922,Jan Smith,Gdansk
3923,John Zielinski,Gdansk
3924,Maria Wozniak,krakow
3925,Jan Wozniak,Warsaw
3926,Maria Wozniak,warsaw
3927,Kasia Nowak,Krakow
3928,Maria Wozniak,gdansk
3929,Piotr Nowak,warsaw
3930,Anna Zielinski,warsaw
3931,Anna Zielinski,krakow
3932,Anna Kowalski,warsaw
3933,Anna Wozniak,Krakow
3934,Jan Kowalski,Krakow
3935,John Zielinski,Warsaw
3936,Kasia Nowak,Krakow
3937,Maria Nowak,warsaw
3938,Piotr Wozniak,krakow
3939,Jan Nowak,warsaw
3940,Maria Wozniak,krakow
3941,John Nowak,krakow
3942,Marek Kowalski,warsaw
3943,Marek Kowalski,Krakow
3944,Kasia Wozniak,warsaw
3945,Maria Zielinski,Krakow
3946,Maria Kowalski,Gdansk
3947,John Wozniak,Krakow
3948,Jan Nowak,warsaw
3949,Kasia Nowak,Poznan
3950,Kasia Zielinski,Poznan
3951,Jan Zielinski,Krakow
3952,Maria Wozniak,krakow
3953,Kasia Zielinski,Warsaw
3954,John Nowak,Krakow
3955,John Wozniak,Krakow
3956,John Smith,krakow
3957,Maria Kowalski,krakow
3958,Jan Kowalski,Gdansk
3959,John Wozniak,krakow
3960,Kasia Kowalski,gdansk
3961,Maria Nowak,krakow
3962,John Nowak,warsaw
3963,Marek Kowalski,Krakow
3964,John Zielinski,Krakow
3965,John Nowak,gdansk
3966,John Kowalski,krakow
3967,Kasia Zielinski,Warsaw
3968,Piotr Nowak,Poznan
3969,Anna Zielinski,Poznan
3970,Marek Smith,krakow
3971,Kasia Kowalski,Krakow
3972,Jan Zielinski,Warsaw
3973,Kasia Nowak,Warsaw
3974,John Wozniak,krakow
3975,Piotr Wozniak,Poznan
3976,Jan Wozniak,Warsaw
3977,Anna Smith,Warsaw
3978,John Kowalski,Krakow
3979,John Wozniak,krakow
3980,Kasia Nowak,Warsaw
3981,Maria Kowalski,gdansk
3982,Kasia Kowalski,krakow
3983,Marek Smith,Poznan
3984,Jan Kowalski,Poznan
3985,Anna Zielinski,Warsaw
3986,Jan Smith,Warsaw
3987,Maria Wozniak,warsaw
3988,Anna Nowak,gdansk
3989,Piotr Kowalski,krakow
3990,Piotr Kowalski,warsaw
3991,John Nowak,gdansk
3992,Maria Kowalski,krakow
3993,John Nowak,Poznan
3994,John Zielinski,gdansk
3995,John Nowak,krakow
3996,John Smith,krakow
3997,Anna Zielinski,Warsaw
3998,Anna Wozniak,Poznan
3999,Jan Kowalski,Krakow
4000,Jan Kowalski,Warsaw
4001,Anna Wozniak,Warsaw
4002,Anna Smith,Poznan
4003,Jan Nowak,warsaw
4004,Anna Kowalski,gdansk
4005,Jan Nowak,krakow
4006,Maria Nowak,Poznan
4007,Piotr Smith,Gdansk
4008,John Kowalski,Gdansk
4009,Jan Zielinski,krakow
4010,Kasia Nowak,warsaw
4011,Jan Nowak,Krakow
4012,Piotr Kowalski,Warsaw
4013,Kasia Smith,Warsaw
4014,Kasia Kowalski,krakow
4015,Jan Nowak,gdansk
4016,Marek Smith,gdansk
4017,Maria Smith,Warsaw
4018,Anna Kowalski,krakow
4019,Piotr Zielinski,krakow
4020,Anna Zielinski,Poznan
4021,Marek Zielinski,warsaw
4022,Piotr Nowak,Gdansk
4023,Piotr Wozniak,gdansk
4024,Marek Kowalski,Krakow
4025,Jan Smith,Poznan
4026,John Wozniak,Warsaw
4027,Piotr Nowak,Gdansk
4028,Maria Wozniak,krakow
4029,Maria Kowalski,Gdansk
4030,Maria Nowak,warsaw
4031,Anna Zielinski,Poznan
4032,Anna Smith,warsaw
4033,John Wozniak,Poznan
4034,Jan Zielinski,Warsaw
4035,Anna Kowalski,Krakow
4036,Kasia Smith,warsaw
4037,Jan Wozniak,warsaw
4038,John Nowak,warsaw
4039,John Zielinski,krakow
4040,John Smith,warsaw
4041,Piotr Smith,gdansk
4042,Marek Nowak,Gdansk
4043,Marek Wozniak,gdansk
4044,Marek Smith,Poznan
4045,Anna Kowalski,Poznan
4046,John Smith,Krakow
4047,Jan Kowalski,Gdansk
4048,Anna Kowalski,Poznan
4049,John Kowalski,Gdansk
4050,Marek Wozniak,Gdansk
4051,Piotr Kowalski,krakow
4052,John Nowak,Warsaw
4053,Marek Wozniak,Warsaw
4054,Jan Nowak,gdansk
4055,Jan Kowalski,warsaw
4056,Anna Kowalski,Gdansk
4057,Maria Kowalski,warsaw
4058,Maria Nowak,krakow
4059,John Wozniak,Krakow
4060,Jan Kowalski,warsaw
4061,Kasia Kowalski,Gdansk
4062,Jan Smith,Krakow
4063,Maria Wozniak,gdansk
4064,Jan Smith,Poznan
4065,Marek Wozniak,Warsaw
4066,Piotr Wozniak,krakow
4067,Jan Wozniak,krakow
4068,Kasia Zielinski,Gdansk
4069,John Wozniak,Poznan
4070,Jan Wozniak,Warsaw
4071,Marek Wozniak,krakow
4072,Marek Nowak,Poznan
4073,Piotr Zielinski,Gdansk
4074,Jan Zielinski,gdansk
4075,Jan Smith,krakow
4076,Kasia Smith,krakow
4077,Piotr Wozniak,Gdansk
4078,Maria Wozniak,Warsaw
4079,Piotr Kowalski,gdansk
4080,Kasia Kowalski,warsaw
4081,Jan Nowak,Warsaw
4082,Marek Zielinski,gdansk
4083,John Smith,krakow
4084,Kasia Wozniak,krakow
4085,John Smith,krakow
4086,Kasia Smith,gdansk
4087,Maria Nowak,krakow
4088,Anna Nowak,krakow
4089,Maria Kowalski,warsaw
4090,Marek Wozniak,Krakow
4091,Marek Smith,Gdansk
4092,John Wozniak,gdansk
4093,John Smith,gdansk
4094,Anna Wozniak,krakow
4095,John Kowalski,warsaw
4096,Kasia Nowak,Poznan
4097,Piotr Nowak,gdansk
4098,John Kowalski,Krakow
4099,Maria Wozniak,gdansk
4100,Jan Smith,warsaw
4101,Maria Zielinski,gdansk
4102,Marek Kowalski,Warsaw
4103,Anna Nowak,gdansk
4104,John Wozniak,krakow
4105,John Zielinski,Warsaw
4106,Maria Kowalski,krakow
4107,Jan Wozniak,Krakow
4108,John Smith,Gdansk
4109,Maria Wozniak,Gdansk
4110,Piotr Wozniak,Poznan
4111,John Nowak,Warsaw
4112,John Zielinski,Poznan
4113,Marek Smith,Poznan
4114,Jan Smith,gdansk
4115,Jan Wozniak,gdansk
4116,Piotr Nowak,warsaw
4117,Marek Wozniak,Warsaw
4118,Anna Nowak,Poznan
4119,John Wozniak,Gdansk
4120,Kasia Smith,gdansk
4121,Kasia Kowalski,warsaw
4122,Piotr Kowalski,gdansk
4123,Jan Kowalski,krakow
4124,Jan Zielinski,Warsaw
4125,Kasia Zielinski,Poznan
4126,Jan Kowalski,warsaw
4127,Anna Kowalski,Poznan
4128,Marek Kowalski,Krakow
4129,Marek Wozniak,krakow
4130,John Zielinski,Warsaw
4131,Marek Kowalski,Warsaw
4132,Piotr Nowak,krakow
4133,Anna Smith,Warsaw
4134,Piotr Nowak,Gdansk
4135,Jan Wozniak,krakow
4136,John Nowak,Warsaw
4137,Anna Smith,Poznan
4138,Anna Zielinski,Poznan
4139,Anna Nowak,warsaw
4140,Maria Nowak,krakow
4141,Maria Zielinski,Poznan
4142,Piotr Wozniak,krakow
4143,Marek Smith,Gdansk
4144,Kasia Smith,Krakow
4145,John Smith,Krakow
4146,Marek Kowalski,Krakow
4147,John Wozniak,krakow
4148,Maria Nowak,Krakow
4149,Marek Smith,Poznan
4150,Anna Nowak,krakow
4151,Marek Wozniak,gdansk
4152,Marek Kowalski,Warsaw
4153,Maria Nowak,Poznan
4154,Maria Smith,gdansk
4155,Marek Kowalski,Krakow
4156,Kasia Zielinski,gdansk
4157,John Wozniak,Gdansk
4158,Kasia Kowalski,Warsaw
4159,John Smith,Warsaw
4160,John Smith,Poznan
4161,Anna Smith,gdansk
4162,Kasia Kowalski,Gdansk
4163,Kasia Wozniak,gdansk
4164,Maria Nowak,Krakow
4165,Kasia Wozniak,gdansk
4166,Marek Nowak,gdansk
4167,Kasia Smith,Gdansk
4168,Jan Kowalski,Poznan
4169,Maria Zielinski,Poznan
4170,Marek Zielinski,Warsaw
4171,Jan Wozniak,Poznan
4172,Anna Smith,Poznan
4173,John Zielinski,Poznan
4174,Kasia Kowalski,krakow
4175,Anna Wozniak,gdansk
4176,Maria Kowalski,warsaw
4177,Jan Kowalski,Poznan
4178,John Nowak,Warsaw
4179,Kasia Nowak,warsaw
4180,Piotr Wozniak,Poznan
4181,Piotr Kowalski,gdansk
4182,Piotr Wozniak,gdansk
4183,Anna Kowalski,Gdansk
4184,John Wozniak,Warsaw
4185,Marek Smith,Poznan
4186,Jan Zielinski,Poznan
4187,Maria Nowak,gdansk
4188,Piotr Wozniak,gdansk
4189,John Wozniak,gdansk
4190,John Zielinski,Poznan
4191,Kasia Kowalski,warsaw
4192,Piotr Nowak,Krakow
4193,Anna Nowak,Warsaw
4194,Piotr Zielinski,warsaw
4195,John Nowak,Gdansk
4196,Piotr Kowalski,Poznan
4197,Piotr Wozniak,Gdansk
4198,John Nowak,Krakow
4199,Anna Zielinski,Gdansk
4200,Jan Wozniak,krakow
4201,Piotr Smith,Poznan
4202,John Kowalski,Gdansk
4203,John Zielinski,Gdansk
4204,Jan Nowak,krakow
4205,Anna Zielinski,Poznan
4206,Kasia Smith,warsaw
4207,Marek Smith,Poznan
4208,Jan Wozniak,gdansk
4209,Kasia Kowalski,Gdansk
4210,Piotr Kowalski,gdansk
4211,John Nowak,Gdansk
4212,Piotr Smith,Gdansk
4213,John Nowak,Krakow
4214,Marek Zielinski,krakow
4215,John Kowalski,krakow
4216,Piotr Wozniak,Warsaw
4217,Marek Smith,warsaw
4218,Marek Kowalski,Poznan
4219,John Kowalski,gdansk
4220,John Nowak,Poznan
4221,Marek Kowalski,Poznan
4222,Kasia Wozniak,Krakow
4223,Marek Kowalski,Warsaw
4224,Maria Wozniak,Krakow
4225,Kasia Wozniak,Krakow
4226,Marek Wozniak,krakow
4227,Anna Zielinski,gdansk
4228,Piotr Smith,gdansk
4229,Jan Zielinski,krakow
4230,Anna Kowalski,Krakow
4231,Marek Zielinski,Poznan
4232,Marek Nowak,Poznan
4233,John Smith,krakow
4234,John Kowalski,Gdansk
4235,Jan Wozniak,gdansk
4236,Kasia Smith,warsaw
4237,Jan Kowalski,Poznan
4238,John Kowalski,gdansk
4239,John Nowak,Krakow
4240,John Zielinski,Warsaw
4241,John Kowalski,krakow
4242,Kasia Kowalski,Warsaw
4243,Anna Smith,krakow
4244,Jan Nowak,Warsaw
4245,Maria Smith,Gdansk
4246,Kasia Kowalski,gdansk
4247,John Wozniak,warsaw
4248,Anna Nowak,warsaw
4249,Kasia Wozniak,Krakow
4250,John Zielinski,warsaw
4251,John Wozniak,Poznan
4252,John Nowak,Poznan
4253,Kasia Wozniak,Krakow
4254,John Wozniak,Krakow
4255,Anna Nowak,Warsaw
4256,Anna Nowak,krakow
4257,John Zielinski,warsaw
4258,Anna Zielinski,Gdansk
4259,Maria Wozniak,Krakow
4260,John Nowak,Poznan
4261,Maria Kowalski,krakow
4262,Kasia Wozniak,Krakow
4263,Maria Kowalski,Warsaw
4264,Piotr Nowak,gdansk
4265,Marek Zielinski,warsaw
4266,Kasia Nowak,krakow
4267,Maria Zielinski,Poznan
4268,Marek Zielinski,krakow
4269,Anna Zielinski,Poznan
4270,Maria Zielinski,gdansk
4271,Marek Nowak,Poznan
4272,Marek Kowalski,gdansk
4273,Anna Kowalski,Poznan
4274,Maria Kowalski,Warsaw
4275,Maria Wozniak,Poznan
4276,Piotr Nowak,Warsaw
4277,Jan Zielinski,warsaw
4278,John Kowalski,Warsaw
4279,Maria Smith,Poznan
4280,Marek Nowak,Warsaw
4281,Anna Zielinski,Krakow
4282,Piotr Zielinski,warsaw
4283,Kasia Nowak,warsaw
4284,Piotr Nowak,Gdansk
4285,Marek Smith,gdansk
4286,Maria Wozniak,warsaw
4287,Maria Wozniak,gdansk
4288,Piotr Zielinski,Krakow
4289,Maria Zielinski,Gdansk
4290,Jan Nowak,gdansk
4291,Marek Nowak,warsaw
4292,Anna Kowalski,warsaw
4293,Piotr Kowalski,warsaw
4294,Maria Zielinski,warsaw
4295,Maria Smith,Krakow
4296,Jan Zielinski,krakow
4297,Anna Zielinski,Krakow
4298,Piotr Wozniak,gdansk
4299,Jan Wozniak,krakow
4300,Anna Smith,gdansk
4301,Kasia Kowalski,Gdansk
4302,Jan Nowak,gdansk
4303,John Smith,gdansk
4304,John Kowalski,gdansk
4305,Piotr Zielinski,gdansk
4306,John Zielinski,Gdansk
4307,Jan Wozniak,Poznan
4308,Jan Smith,Poznan
4309,Kasia Wozniak,Warsaw
4310,Maria Kowalski,Warsaw
4311,Piotr Nowak,Gdansk
4312,Anna Zielinski,krakow
4313,Anna Smith,gdansk
4314,Anna Smith,Krakow
4315,Marek Smith,warsaw
4316,Marek Kowalski,Krakow
4317,Anna Nowak,krakow
4318,Jan Wozniak,Warsaw
4319,Marek Nowak,warsaw
4320,Maria Smith,Gdansk
4321,Marek Wozniak,Warsaw
4322,Maria Smith,gdansk
4323,Maria Smith,Gdansk
4324,Piotr Zielinski,Warsaw
4325,Anna Kowalski,Krakow
4326,Marek Wozniak,warsaw
4327,Piotr Zielinski,Gdansk
4328,Maria Wozniak,krakow
4329,Maria Kowalski,Krakow
4330,Anna Zielinski,gdansk
4331,Jan Kowalski,warsaw
4332,Kasia Zielinski,gdansk
4333,Piotr Nowak,gdansk
4334,John Smith,gdansk
4335,Marek Kowalski,gdansk
4336,Maria Wozniak,gdansk
4337,Kasia Kowalski,krakow
4338,Piotr Wozniak,Gdansk
4339,Piotr Smith,krakow
4340,Maria Kowalski,Krakow
4341,John Nowak,Krakow
4342,Kasia Smith,Poznan
4343,Anna Nowak,Warsaw
4344,John Kowalski,Warsaw
4345,Jan Zielinski,Warsaw
4346,Anna Smith,Gdansk
4347,Kasia Nowak,krakow
4348,John Zielinski,gdansk
4349,Jan Wozniak,krakow
4350,Maria Zielinski,gdansk
4351,Anna Wozniak,Warsaw
4352,Maria Kowalski,Poznan
4353,John Nowak,gdansk
4354,Kasia Zielinski,gdansk
4355,Piotr Kowalski,gdansk
4356,John Zielinski,gdansk
4357,Maria Nowak,Gdansk
4358,Kasia Kowalski,gdansk
4359,Marek Zielinski,warsaw
4360,Jan Nowak,Krakow
4361,Marek Kowalski,Gdansk
4362,Piotr Nowak,krakow
4363,Kasia Wozniak,warsaw
4364,Piotr Nowak,Krakow
4365,John Kowalski,Poznan
4366,Maria Nowak,Krakow
4367,Piotr Wozniak,Krakow
4368,Piotr Kowalski,Warsaw
4369,John Zielinski,krakow
4370,Jan Smith,gdansk
4371,Maria Nowak,krakow
4372,Maria Wozniak,Warsaw
4373,Piotr Nowak,Gdansk
4374,Kasia Smith,Krakow
4375,Piotr Nowak,Warsaw
4376,Piotr Kowalski,krakow
4377,Piotr Nowak,Warsaw
4378,Kasia Wozniak,warsaw
4379,Anna Zielinski,Gdansk
4380,Jan Wozniak,Warsaw
4381,Kasia Nowak,warsaw
4382,Marek Smith,warsaw
4383,Kasia Wozniak,Krakow
4384,Piotr Smith,krakow
4385,Jan Zielinski,Poznan
4386,Piotr Nowak,krakow
4387,John Wozniak,warsaw
4388,Jan Smith,gdansk
4389,Kasia Nowak,Krakow
4390,Marek Kowalski,Warsaw
4391,Jan Smith,Warsaw
4392,Jan Wozniak,krakow
4393,John Smith,Warsaw
4394,Jan Kowalski,krakow
4395,John Smith,Warsaw
4396,Kasia Wozniak,Gdansk
4397,Kasia Kowalski,Krakow
4398,Marek Wozniak,Gdansk
4399,John Wozniak,warsaw
4400,Anna Nowak,Poznan
4401,Anna Kowalski,warsaw
4402,Piotr Zielinski,Warsaw
4403,Marek Kowalski,Warsaw
4404,John Smith,krakow
4405,Maria Nowak,krakow
4406,Kasia Smith,Krakow
4407,Kasia Nowak,Poznan
4408,Kasia Kowalski,Gdansk
4409,Jan Zielinski,warsaw
4410,Jan Smith,Poznan
4411,Anna Smith,gdansk
4412,Jan Wozniak,warsaw
4413,Kasia Nowak,gdansk
4414,John Zielinski,Gdansk
4415,Jan Kowalski,Poznan
4416,Maria Kowalski,warsaw
4417,Anna Kowalski,krakow
4418,Anna Smith,warsaw
4419,Jan Wozniak,Warsaw
4420,Maria Kowalski,Warsaw
4421,Marek Nowak,krakow
4422,Kasia Zielinski,Krakow
4423,John Kowalski,warsaw
4424,Piotr Wozniak,krakow
4425,Anna Zielinski,krakow
4426,John Nowak,Krakow
4427,Anna Smith,Krakow
4428,Piotr Smith,gdansk
4429,Kasia Kowalski,Krakow
4430,Anna Kowalski,Warsaw
4431,Anna Nowak,gdansk
4432,John Smith,warsaw
4433,Piotr Wozniak,Krakow
4434,Maria Nowak,krakow
4435,Jan Smith,krakow
4436,Piotr Smith,Krakow
4437,Anna Nowak,gdansk
4438,Anna Zielinski,Poznan
4439,Marek Kowalski,Krakow
4440,Piotr Smith,gdansk
4441,Marek Zielinski,Gdansk
4442,Maria Smith,warsaw
4443,John Smith,warsaw
4444,Maria Wozniak,Warsaw
4445,Anna Kowalski,gdansk
4446,John Zielinski,Warsaw
4447,Anna Zielinski,gdansk
4448,Marek Kowalski,warsaw
4449,John Wozniak,Warsaw
4450,Anna Zielinski,Gdansk
4451,Piotr Smith,gdansk
4452,Kasia Kowalski,Gdansk
4453,John Kowalski,Warsaw
4454,Jan Kowalski,krakow
4455,Maria Smith,Poznan
4456,Marek Zielinski,Krakow
4457,Piotr Wozniak,gdansk
4458,John Nowak,krakow
4459,Anna Wozniak,krakow
4460,Maria Zielinski,Poznan
4461,Anna Kowalski,Gdansk
4462,Piotr Kowalski,Krakow
4463,Anna Zielinski,Warsaw
4464,Marek Kowalski,gdansk
4465,Marek Wozniak,krakow
4466,John Zielinski,Poznan
4467,Maria Nowak,warsaw
4468,Kasia Zielinski,krakow
4469,Maria Wozniak,krakow
4470,Maria Smith,warsaw
4471,Jan Nowak,warsaw
4472,Maria Kowalski,Gdansk
4473,John Nowak,Poznan
4474,Maria Wozniak,Gdansk
4475,John Zielinski,Krakow
4476,Piotr Kowalski,Krakow
4477,John Smith,Gdansk
4478,Anna Kowalski,warsaw
4479,Anna Zielinski,warsaw
4480,Piotr Nowak,gdansk
4481,Jan Smith,warsaw
4482,Piotr Nowak,gdansk
4483,Jan Kowalski,Gdansk
4484,Anna Nowak,gdansk
4485,Piotr Zielinski,Krakow
4486,Piotr Nowak,gdansk
4487,Maria Smith,gdansk
4488,Jan Wozniak,Gdansk
4489,Piotr Smith,Warsaw
4490,John Nowak,Poznan
4491,Piotr Kowalski,gdansk
4492,Piotr Kowalski,Krakow
4493,Anna Zielinski,gdansk
4494,Marek Zielinski,Warsaw
4495,John Wozniak,gdansk
4496,Piotr Zielinski,Gdansk
4497,Jan Wozniak,warsaw
4498,Piotr Smith,warsaw
4499,Maria Wozniak,warsaw
4500,Kasia Kowalski,gdansk
4501,John Wozniak,Krakow
4502,Jan Wozniak,Warsaw
4503,Kasia Kowalski,krakow
4504,Jan Kowalski,warsaw
4505,Maria Wozniak,gdansk
4506,Jan Smith,Warsaw
4507,Piotr Kowalski,warsaw
4508,Marek Wozniak,gdansk
4509,Maria Kowalski,Warsaw
4510,Jan Nowak,krakow
4511,Jan Wozniak,gdansk
4512,Kasia Nowak,gdansk
4513,Maria Kowalski,gdansk
4514,Marek Nowak,Gdansk
4515,Anna Wozniak,krakow
4516,Anna Nowak,Poznan
4517,Anna Nowak,warsaw
4518,Jan Nowak,Krakow
4519,Jan Zielinski,Warsaw
4520,Marek Nowak,Poznan
4521,Anna Zielinski,gdansk
4522,Marek Smith,Poznan
4523,John Nowak,warsaw
4524,Jan Wozniak,Poznan
4525,Maria Wozniak,Poznan
4526,Jan Smith,Krakow
4527,Kasia Kowalski,warsaw
4528,Anna Zielinski,gdansk
4529,Piotr Zielinski,Warsaw
4530,Anna Nowak,Warsaw
4531,Maria Smith,Warsaw
4532,Maria Wozniak,warsaw
4533,Anna Kowalski,Warsaw
4534,Jan Wozniak,krakow
4535,Jan Smith,gdansk
4536,Piotr Kowalski,gdansk
4537,Kasia Nowak,krakow
4538,Jan Nowak,warsaw
4539,Anna Smith,Krakow
4540,Anna Zielinski,Krakow
4541,Anna Smith,Warsaw
4542,Anna Zielinski,warsaw
4543,Jan Wozniak,Gdansk
4544,Piotr Zielinski,warsaw
4545,John Wozniak,warsaw
4546,John Smith,Gdansk
4547,Marek Smith,Krakow
4548,Anna Smith,krakow
4549,John Smith,Krakow
4550,Marek Nowak,Poznan
4551,Anna Kowalski,Poznan
4552,John Kowalski,Krakow
4553,Jan Wozniak,krakow
4554,John Wozniak,Poznan
4555,Anna Nowak,Gdansk
4556,Kasia Smith,warsaw
4557,Anna Smith,warsaw
4558,Jan Wozniak,Krakow
4559,Piotr Wozniak,krakow
4560,Kasia Wozniak,Gdansk
4561,Marek Smith,warsaw
4562,Marek Kowalski,krakow
4563,Kasia Zielinski,krakow
4564,Maria Zielinski,krakow
4565,Maria Zielinski,Poznan
4566,Jan Wozniak,Warsaw
4567,Maria Wozniak,Gdansk
4568,Maria Kowalski,gdansk
4569,Anna Kowalski,Krakow
4570,Anna Kowalski,Poznan
4571,Anna Smith,Gdansk
4572,Kasia Kowalski,Warsaw
4573,Anna Smith,Krakow
4574,Marek Kowalski,Krakow
4575,Kasia Kowalski,Poznan
4576,Marek Zielinski,krakow
4577,Jan Kowalski,Poznan
4578,Jan Nowak,gdansk
4579,Jan Nowak,gdansk
4580,John Kowalski,krakow
4581,John Nowak,gdansk
4582,Kasia Smith,Warsaw
4583,John Nowak,gdansk
4584,Maria Nowak,krakow
4585,Marek Zielinski,Poznan
4586,Jan Nowak,warsaw
4587,Piotr Kowalski,Warsaw
4588,Jan Nowak,Warsaw
4589,Maria Wozniak,warsaw
4590,Marek Kowalski,krakow
4591,John Kowalski,gdansk
4592,Maria Smith,krakow
4593,Kasia Smith,krakow
4594,Marek Nowak,Krakow
4595,Anna Kowalski,Warsaw
4596,John Nowak,Gdansk
4597,Marek Kowalski,Gdansk
4598,Jan Nowak,krakow
4599,Marek Wozniak,gdansk
4600,Kasia Zielinski,gdansk
4601,Marek Smith,Gdansk
4602,Maria Smith,gdansk
4603,Jan Wozniak,warsaw
4604,Piotr Nowak,Gdansk
4605,Kasia Kowalski,gdansk
4606,Jan Wozniak,Gdansk
4607,Anna Kowalski,krakow
4608,Jan Zielinski,Gdansk
4609,Marek Nowak,Poznan
4610,John Wozniak,krakow
4611,Piotr Wozniak,Poznan
4612,Kasia Kowalski,Warsaw
4613,Marek Smith,gdansk
4614,Kasia Kowalski,Krakow
4615,Anna Nowak,Warsaw
4616,Piotr Zielinski,Poznan
4617,Marek Smith,Warsaw
4618,Jan Smith,warsaw
4619,Maria Nowak,Warsaw
4620,Jan Zielinski,Warsaw
4621,Marek Smith,warsaw
4622,Maria Kowalski,gdansk
4623,Anna Kowalski,Krakow
4624,Anna Zielinski,Gdansk
4625,Anna Zielinski,Poznan
4626,Kasia Nowak,Warsaw
4627,Piotr Nowak,Krakow
4628,Anna Smith,Poznan
4629,Piotr Wozniak,Gdansk
4630,Jan Smith,Poznan
4631,Kasia Smith,warsaw
4632,John Nowak,Krakow
4633,Kasia Zielinski,Warsaw
4634,Maria Kowalski,Warsaw
4635,Maria Wozniak,krakow
4636,Maria Nowak,Krakow
4637,Jan Kowalski,gdansk
4638,Kasia Nowak,gdansk
4639,Anna Kowalski,warsaw
4640,Marek Kowalski,Poznan
4641,John Kowalski,Gdansk
4642,Maria Zielinski,gdansk
4643,Maria Smith,krakow
4644,Marek Kowalski,Krakow
4645,Piotr Smith,Gdansk
4646,Marek Wozniak,Warsaw
4647,John Wozniak,warsaw
4648,Jan Zielinski,Gdansk
4649,Anna Kowalski,Gdansk
4650,John Wozniak,Warsaw
4651,Marek Nowak,warsaw
4652,Marek Smith,Gdansk
4653,Marek Nowak,krakow
4654,Anna Wozniak,Krakow
4655,Jan Smith,warsaw
4656,Anna Smith,Gdansk
4657,Piotr Smith,Warsaw
4658,Anna Kowalski,gdansk
4659,Marek Wozniak,Krakow
4660,Kasia Smith,Poznan
4661,Kasia Kowalski,Warsaw
4662,Maria Wozniak,Warsaw
4663,Piotr Smith,krakow
4664,Kasia Zielinski,gdansk
4665,Jan Wozniak,Krakow
4666,Maria Zielinski,Krakow
4667,Piotr Nowak,gdansk
4668,Kasia Zielinski,krakow
4669,Piotr Nowak,Gdansk
4670,John Nowak,gdansk
4671,Marek Kowalski,gdansk
4672,Marek Zielinski,Warsaw
4673,Jan Nowak,Krakow
4674,Kasia Kowalski,Gdansk
4675,Kasia Nowak,warsaw
4676,Kasia Wozniak,gdansk
4677,Anna Smith,krakow
4678,Kasia Zielinski,Poznan
4679,Kasia Nowak,Warsaw
4680,Jan Nowak,krakow
4681,Marek Wozniak,warsaw
4682,Kasia Smith,Warsaw
4683,Piotr Smith,Gdansk
4684,Kasia Kowalski,gdansk
4685,John Wozniak,Warsaw
4686,Piotr Wozniak,Warsaw
4687,Maria Kowalski,krakow
4688,Jan Kowalski,Krakow
4689,Maria Nowak,Gdansk
4690,Marek Wozniak,Warsaw
4691,Marek Smith,Poznan
4692,Kasia Wozniak,warsaw
4693,Anna Kowalski,Poznan
4694,Anna Wozniak,Krakow
4695,Piotr Kowalski,Warsaw
4696,Jan Nowak,Krakow
4697,Kasia Nowak,Krakow
4698,Marek Wozniak,Poznan
4699,Kasia Zielinski,warsaw
4700,John Smith,warsaw
4701,Marek Nowak,Warsaw
4702,Kasia Smith,Poznan
4703,Piotr Kowalski,warsaw
4704,Piotr Wozniak,krakow
4705,Kasia Zielinski,gdansk
4706,Marek Kowalski,gdansk
4707,Kasia Smith,gdansk
4708,Maria Wozniak,Poznan
4709,Anna Zielinski,Poznan
4710,Maria Kowalski,Warsaw
4711,John Zielinski,Gdansk
4712,Jan Smith,gdansk
4713,Marek Smith,Warsaw
4714,Jan Wozniak,warsaw
4715,Kasia Smith,Warsaw
4716,Marek Wozniak,Krakow
4717,Maria Nowak,krakow
4718,Marek Kowalski,gdansk
4719,Kasia Zielinski,Warsaw
4720,Anna Kowalski,gdansk
4721,Jan Wozniak,gdansk
4722,Maria Kowalski,Gdansk
4723,Kasia Kowalski,Krakow
4724,Jan Kowalski,gdansk
4725,Maria Nowak,Krakow
4726,Marek Smith,Warsaw
4727,Piotr Smith,Gdansk
4728,Marek Nowak,gdansk
4729,Kasia Wozniak,krakow
4730,Kasia Smith,Krakow
4731,Marek Zielinski,krakow
4732,Maria Smith,Warsaw
4733,Jan Wozniak,krakow
4734,Piotr Kowalski,Gdansk
4735,Maria Kowalski,Gdansk
4736,Kasia Wozniak,Krakow
4737,Marek Wozniak,gdansk
4738,Piotr Zielinski,Poznan
4739,Anna Nowak,Poznan
4740,Marek Nowak,Warsaw
4741,John Nowak,Gdansk
4742,Kasia Nowak,krakow
4743,John Zielinski,Gdansk
4744,Anna Wozniak,Gdansk
4745,Maria Nowak,gdansk
4746,Piotr Wozniak,warsaw
4747,Jan Wozniak,Gdansk
4748,Kasia Nowak,warsaw
4749,Marek Wozniak,Warsaw
4750,Piotr Wozniak,krakow
4751,Marek Wozniak,Warsaw
4752,Piotr Kowalski,Gdansk
4753,Piotr Smith,gdansk
4754,Piotr Smith,Poznan
4755,Marek Wozniak,gdansk
4756,Jan Nowak,krakow
4757,Anna Nowak,Warsaw
4758,Jan Smith,Poznan
4759,Marek Zielinski,Poznan
4760,John Zielinski,Krakow
4761,Piotr Kowalski,Gdansk
4762,Kasia Kowalski,Gdansk
4763,Kasia Kowalski,Gdansk
4764,John Wozniak,Poznan
4765,Anna Zielinski,krakow
4766,Jan Wozniak,gdansk
4767,Jan Wozniak,Krakow
4768,Maria Kowalski,krakow
4769,Jan Nowak,gdansk
4770,Marek Kowalski,Gdansk
4771,Anna Zielinski,Poznan
4772,Kasia Smith,Poznan
4773,Maria Kowalski,Krakow
4774,Jan Nowak,Warsaw
4775,Anna Wozniak,Warsaw
4776,John Zielinski,warsaw
4777,Anna Zielinski,gdansk
4778,Maria Nowak,Gdansk
4779,Kasia Nowak,gdansk
4780,John Kowalski,krakow
4781,John Smith,warsaw
4782,Jan Kowalski,Krakow
4783,Jan Zielinski,Poznan
4784,Jan Wozniak,Poznan
4785,Piotr Nowak,Krakow
4786,Anna Kowalski,gdansk
4787,Anna Zielinski,Poznan
4788,Anna Nowak,krakow
4789,Maria Nowak,Warsaw
4790,Jan Smith,Krakow
4791,Jan Nowak,Warsaw
4792,Kasia Smith,Poznan
4793,Jan Wozniak,Warsaw
4794,Kasia Nowak,krakow
4795,Anna Wozniak,gdansk
4796,Anna Kowalski,gdansk
4797,Kasia Wozniak,Krakow
4798,John Wozniak,Poznan
4799,Jan Kowalski,Krakow
4800,Anna Kowalski,gdansk
4801,Maria Zielinski,Poznan
4802,Anna Nowak,Krakow
4803,Piotr Wozniak,Gdansk
4804,Maria Zielinski,Warsaw
4805,Jan Zielinski,gdansk
4806,Piotr Nowak,warsaw
4807,Maria Nowak,Gdansk
4808,Anna Zielinski,Gdansk
4809,Marek Kowalski,warsaw
4810,Marek Smith,Warsaw
4811,Jan Nowak,Krakow
4812,Jan Kowalski,Warsaw
4813,John Kowalski,Krakow
4814,Piotr Wozniak,warsaw
4815,Anna Smith,gdansk
4816,Maria Smith,krakow
4817,John Wozniak,krakow
4818,Maria Wozniak,warsaw
4819,Piotr Kowalski,warsaw
4820,John Smith,krakow
4821,Anna Zielinski,Poznan
4822,Marek Zielinski,Krakow
4823,Jan Kowalski,gdansk
4824,Kasia Wozniak,krakow
4825,Kasia Zielinski,gdansk
4826,Piotr Smith,Gdansk
4827,Anna Zielinski,krakow
4828,Kasia Kowalski,Gdansk
4829,Piotr Smith,gdansk
4830,Marek Nowak,krakow
4831,Jan Nowak,Gdansk
4832,Piotr Zielinski,krakow
4833,Piotr Zielinski,Poznan
4834,John Zielinski,Krakow
4835,Kasia Nowak,Warsaw
4836,Jan Smith,krakow
4837,Marek Kowalski,Krakow
4838,Jan Nowak,warsaw
4839,John Smith,Krakow
4840,Jan Smith,Warsaw
4841,Anna Smith,gdansk
4842,Anna Smith,warsaw
4843,Kasia Zielinski,Poznan
4844,Piotr Kowalski,Gdansk
4845,Anna Wozniak,Krakow
4846,Maria Kowalski,Gdansk
4847,Jan Nowak,Gdansk
4848,Piotr Zielinski,Poznan
4849,Marek Nowak,Gdansk
4850,John Wozniak,gdansk
4851,Marek Wozniak,Krakow
4852,Marek Smith,warsaw
4853,Jan Nowak,Poznan
4854,Kasia Wozniak,Warsaw
4855,Piotr Wozniak,Warsaw
4856,Anna Wozniak,warsaw
4857,Maria Smith,Gdansk
4858,Kasia Kowalski,Gdansk
4859,Anna Smith,Warsaw
4860,John Zielinski,Warsaw
4861,Kasia Smith,warsaw
4862,Marek Wozniak,Warsaw
4863,Maria Zielinski,Warsaw
4864,Piotr Nowak,Warsaw
4865,Kasia Nowak,Poznan
4866,Marek Wozniak,gdansk
4867,Piotr Smith,Krakow
4868,Marek Smith,krakow
4869,Anna Zielinski,Poznan
4870,Piotr Wozniak,Gdansk
4871,Anna Wozniak,Krakow
4872,John Wozniak,krakow
4873,Marek Nowak,Poznan
4874,Piotr Zielinski,Warsaw
4875,Anna Kowalski,Warsaw
4876,Marek Nowak,warsaw
4877,Anna Smith,Poznan
4878,John Wozniak,warsaw
4879,Jan Nowak,warsaw
4880,John Smith,Poznan
4881,Maria Nowak,gdansk
4882,Marek Nowak,Krakow
4883,Marek Nowak,Warsaw
4884,Anna Smith,Warsaw
4885,Piotr Smith,gdansk
4886,Maria Wozniak,Krakow
4887,John Kowalski,warsaw
4888,Maria Wozniak,Warsaw
4889,Jan Smith,Poznan
4890,Jan Zielinski,Poznan
4891,Kasia Wozniak,gdansk
4892,Anna Zielinski,Gdansk
4893,Jan Zielinski,krakow
4894,John Wozniak,Krakow
4895,Piotr Wozniak,warsaw
4896,Anna Smith,Poznan
4897,Piotr Nowak,Krakow
4898,Maria Kowalski,gdansk
4899,John Kowalski,gdansk
4900,Anna Nowak,krakow
4901,Anna Kowalski,Warsaw
4902,John Kowalski,krakow
4903,Marek Wozniak,warsaw
4904,Kasia Nowak,Krakow
4905,Jan Zielinski,Poznan
4906,Maria Zielinski,Poznan
4907,Piotr Smith,gdansk
4908,Kasia Kowalski,Poznan
4909,Maria Nowak,warsaw
4910,Jan Smith,krakow
4911,Kasia Zielinski,Gdansk
4912,Jan Wozniak,warsaw
4913,Anna Smith,krakow
4914,Jan Smith,Poznan
4915,Maria Nowak,warsaw
4916,Kasia Nowak,gdansk
4917,Anna Kowalski,Warsaw
4918,Kasia Kowalski,Krakow
4919,Anna Wozniak,gdansk
4920,Maria Wozniak,Krakow
4921,Piotr Nowak,Gdansk
4922,Anna Smith,krakow
4923,Jan Kowalski,krakow
4924,Maria Wozniak,Gdansk
4925,Piotr Nowak,krakow
4926,Piotr Smith,Warsaw
4927,Anna Wozniak,gdansk
4928,Kasia Kowalski,Krakow
4929,Jan Wozniak,warsaw
4930,Maria Smith,Gdansk
4931,Maria Wozniak,Gdansk
4932,Kasia Nowak,gdansk
4933,Anna Kowalski,Warsaw
4934,Jan Nowak,Warsaw
4935,Anna Zielinski,Krakow
4936,Jan Nowak,Gdansk
4937,Anna Smith,warsaw
4938,Maria Wozniak,krakow
4939,Kasia Nowak,warsaw
4940,John Smith,krakow
4941,Jan Kowalski,Poznan
4942,Jan Smith,gdansk
4943,Piotr Zielinski,Krakow
4944,John Nowak,Warsaw
4945,Jan Zielinski,gdansk
4946,Maria Wozniak,gdansk
4947,Piotr Kowalski,warsaw
4948,Piotr Nowak,warsaw
4949,Jan Smith,krakow
4950,Jan Nowak,gdansk
4951,Kasia Wozniak,Krakow
4952,Anna Kowalski,Krakow
4953,Anna Kowalski,gdansk
4954,Marek Nowak,Gdansk
4955,Piotr Wozniak,Gdansk
4956,Anna Wozniak,Poznan
4957,Jan Wozniak,Warsaw
4958,Anna Nowak,Gdansk
4959,John Smith,Poznan
4960,Jan Zielinski,Gdansk
4961,Jan Kowalski,Poznan
4962,Anna Nowak,Krakow
4963,Marek Smith,krakow
4964,Kasia Smith,Gdansk
4965,Piotr Wozniak,Krakow
4966,Piotr Wozniak,Warsaw
4967,Marek Smith,Krakow
4968,John Smith,Gdansk
4969,Marek Zielinski,krakow
4970,Anna Smith,gdansk
4971,Maria Nowak,warsaw
4972,Kasia Kowalski,gdansk
4973,Jan Smith,krakow
4974,Anna Kowalski,Gdansk
4975,John Wozniak,Krakow
4976,Jan Nowak,warsaw
4977,Kasia Nowak,Krakow
4978,John Zielinski,krakow
4979,Maria Kowalski,Krakow
4980,John Smith,Krakow
4981,Kasia Zielinski,krakow
4982,Piotr Smith,warsaw
4983,Anna Zielinski,Gdansk
4984,John Smith,Poznan
4985,Maria Nowak,krakow
4986,Marek Wozniak,Gdansk
4987,Marek Smith,Krakow
4988,Anna Nowak,krakow
4989,John Kowalski,krakow
4990,John Kowalski,Gdansk
4991,Piotr Zielinski,Gdansk
4992,John Kowalski,Krakow
4993,Kasia Smith,Warsaw
4994,Marek Smith,Warsaw
4995,Kasia Nowak,warsaw
4996,Piotr Zielinski,Warsaw
4997,Anna Wozniak,Krakow
4998,Anna Wozniak,Krakow
4999,John Nowak,Warsaw
5000,Piotr Kowalski,Krakow
5001,Piotr Zielinski,gdansk
5002,Marek Zielinski,warsaw
5003,Anna Smith,warsaw
5004,John Kowalski,krakow
5005,Maria Nowak,Krakow
5006,Jan Nowak,krakow
5007,Piotr Kowalski,Poznan
5008,John Wozniak,krakow
5009,Kasia Nowak,Krakow
5010,Piotr Zielinski,Krakow
5011,Jan Zielinski,krakow
5012,John Smith,Poznan
5013,Maria Kowalski,gdansk
5014,Marek Kowalski,Krakow
5015,Jan Wozniak,Gdansk
5016,Jan Smith,Krakow
5017,Anna Smith,Gdansk
5018,John Wozniak,Gdansk
5019,Jan Wozniak,Poznan
5020,Marek Wozniak,Warsaw
5021,Jan Zielinski,krakow
5022,John Smith,Gdansk
5023,John Smith,krakow
5024,Piotr Wozniak,krakow
5025,Kasia Wozniak,krakow
5026,Anna Zielinski,Warsaw
5027,Marek Wozniak,Warsaw
5028,Marek Kowalski,Gdansk
5029,Piotr Kowalski,Gdansk
5030,Maria Smith,warsaw
5031,Maria Zielinski,Gdansk
5032,Piotr Nowak,Poznan
5033,Marek Wozniak,warsaw
5034,Kasia Nowak,krakow
5035,Marek Zielinski,krakow
5036,Marek Nowak,Warsaw
5037,Anna Smith,Poznan
5038,John Nowak,Krakow
5039,Maria Nowak,Poznan
5040,Piotr Zielinski,krakow
5041,John Smith,Poznan
5042,Anna Nowak,gdansk
5043,Maria Zielinski,gdansk
5044,John Nowak,gdansk
5045,Jan Zielinski,warsaw
5046,Maria Wozniak,warsaw
5047,Jan Kowalski,Krakow
5048,John Smith,gdansk
5049,Anna Wozniak,Gdansk
5050,John Kowalski,Warsaw
5051,Anna Nowak,warsaw
5052,Maria Nowak,Gdansk
5053,Anna Kowalski,warsaw
5054,Anna Wozniak,Warsaw
5055,Marek Zielinski,krakow
5056,Kasia Nowak,Warsaw
5057,Piotr Wozniak,krakow
5058,Jan Kowalski,Poznan
5059,Marek Zielinski,Krakow
5060,Marek Zielinski,gdansk
5061,Kasia Zielinski,Warsaw
5062,Kasia Kowalski,gdansk
5063,Anna Kowalski,warsaw
5064,Marek Kowalski,warsaw
5065,Maria Zielinski,warsaw
5066,Kasia Wozniak,Krakow
5067,Piotr Nowak,Gdansk
5068,Kasia Smith,gdansk
5069,Piotr Wozniak,krakow
5070,John Nowak,krakow
5071,Kasia Wozniak,warsaw
5072,Anna Smith,krakow
5073,Anna Zielinski,krakow
5074,Anna Zielinski,Krakow
5075,Anna Zielinski,krakow
5076,Anna Smith,warsaw
5077,Kasia Wozniak,Krakow
5078,Anna Kowalski,Krakow
5079,Maria Zielinski,warsaw
5080,Piotr Zielinski,krakow
5081,Maria Nowak,warsaw
5082,John Kowalski,Krakow
5083,John Zielinski,Krakow
5084,Kasia Kowalski,Krakow
5085,Marek Smith,krakow
5086,Anna Wozniak,krakow
5087,Kasia Zielinski,gdansk
5088,Jan Zielinski,gdansk
5089,Maria Zielinski,Krakow
5090,Jan Smith,Gdansk
5091,Maria Smith,Gdansk
5092,Maria Wozniak,Warsaw
5093,Anna Nowak,Poznan
5094,John Kowalski,warsaw
5095,Anna Nowak,krakow
5096,John Wozniak,Krakow
5097,Marek Kowalski,Poznan
5098,Marek Kowalski,Warsaw
5099,Jan Wozniak,Poznan
5100,Kasia Nowak,Warsaw
5101,Maria Smith,Warsaw
5102,Anna Nowak,krakow
5103,Marek Smith,Gdansk
5104,John Nowak,warsaw
5105,Piotr Nowak,gdansk
5106,Kasia Wozniak,warsaw
5107,John Zielinski,Gdansk
5108,Jan Kowalski,Krakow
5109,Kasia Wozniak,gdansk
5110,Piotr Kowalski,warsaw
5111,John Kowalski,krakow
5112,Marek Zielinski,Poznan
5113,Marek Kowalski,Warsaw
5114,Maria Nowak,gdansk
5115,John Nowak,warsaw
5116,Anna Kowalski,Warsaw
5117,Piotr Wozniak,Gdansk
5118,Maria Nowak,Krakow
5119,Jan Zielinski,krakow
5120,Jan Kowalski,Gdansk
5121,Marek Wozniak,Gdansk
5122,Piotr Smith,Gdansk
5123,Maria Kowalski,Poznan
5124,Anna Wozniak,krakow
5125,John Wozniak,Poznan
5126,Anna Zielinski,Warsaw
5127,Jan Zielinski,Krakow
5128,Anna Nowak,krakow
5129,Jan Nowak,Gdansk
5130,Maria Smith,Warsaw
5131,Jan Smith,Poznan
5132,Piotr Wozniak,gdansk
5133,Piotr Nowak,Poznan
5134,Marek Kowalski,Krakow
5135,Anna Zielinski,Gdansk
5136,Jan Zielinski,Gdansk
5137,Maria Smith,krakow
5138,Maria Nowak,Gdansk
5139,John Nowak,Gdansk
5140,Kasia Smith,gdansk
5141,Anna Nowak,Krakow
5142,Kasia Smith,warsaw
5143,Piotr Nowak,warsaw
5144,Jan Zielinski,Poznan
5145,John Smith,Poznan
5146,John Nowak,warsaw
5147,Kasia Nowak,Poznan
5148,Maria Zielinski,gdansk
5149,Marek Nowak,Krakow
5150,Anna Wozniak,Gdansk
5151,John Zielinski,Warsaw
5152,Maria Wozniak,warsaw
5153,Piotr Nowak,Warsaw
5154,Anna Wozniak,Gdansk
5155,Jan Smith,krakow
5156,Kasia Smith,Poznan
5157,Marek Kowalski,Warsaw
5158,Anna Nowak,Poznan
5159,Marek Kowalski,Gdansk
5160,Maria Wozniak,gdansk
5161,John Nowak,Gdansk
5162,Kasia Nowak,krakow
5163,Marek Wozniak,gdansk
5164,Jan Wozniak,gdansk
5165,Kasia Zielinski,warsaw
5166,Anna Wozniak,Warsaw
5167,Maria Smith,Krakow
5168,Jan Smith,krakow
5169,Anna Kowalski,warsaw
5170,Anna Zielinski,Warsaw
5171,Jan Wozniak,gdansk
5172,Marek Zielinski,Gdansk
5173,Anna Nowak,Poznan
5174,John Kowalski,Poznan
5175,Anna Nowak,Warsaw
5176,Jan Wozniak,warsaw
5177,Piotr Nowak,Krakow
5178,Piotr Zielinski,gdansk
5179,Jan Smith,warsaw
5180,Maria Wozniak,krakow
5181,John Nowak,gdansk
5182,Anna Nowak,Krakow
5183,Maria Kowalski,krakow
5184,John Smith,Poznan
5185,Jan Wozniak,gdansk
5186,Piotr Smith,Poznan
5187,Maria Smith,Poznan
5188,John Kowalski,Gdansk
5189,Piotr Smith,gdansk
5190,Maria Zielinski,Warsaw
5191,Anna Smith,krakow
5192,John Zielinski,krakow
5193,Piotr Nowak,warsaw
5194,Jan Zielinski,warsaw
5195,Piotr Zielinski,warsaw
5196,Anna Smith,gdansk
5197,Marek Kowalski,Warsaw
5198,Jan Wozniak,gdansk
5199,Marek Wozniak,Warsaw
5200,Anna Wozniak,Poznan
5201,Anna Smith,Krakow
5202,Maria Wozniak,Krakow
5203,Marek Nowak,Warsaw
5204,Piotr Zielinski,krakow
5205,Kasia Nowak,Poznan
5206,Kasia Wozniak,krakow
5207,Anna Kowalski,warsaw
5208,Kasia Kowalski,gdansk
5209,Kasia Zielinski,Warsaw
5210,John Smith,Warsaw
5211,Maria Smith,Warsaw
5212,Maria Smith,Poznan
5213,Piotr Zielinski,warsaw
5214,Marek Nowak,Krakow
5215,John Zielinski,krakow
5216,Marek Wozniak,Poznan
5217,John Nowak,Poznan
5218,Anna Zielinski,krakow
5219,John Smith,Poznan
5220,Maria Wozniak,krakow
5221,Maria Zielinski,Poznan
5222,Maria Smith,warsaw
5223,Kasia Wozniak,gdansk
5224,Jan Kowalski,Warsaw
5225,Piotr Smith,Warsaw
5226,Jan Zielinski,Krakow
5227,Piotr Zielinski,krakow
5228,Anna Zielinski,Krakow
5229,Piotr Smith,gdansk
5230,Piotr Zielinski,Warsaw
5231,Anna Smith,Gdansk
5232,John Smith,Poznan
5233,Piotr Kowalski,krakow
5234,Kasia Nowak,krakow
5235,Anna Wozniak,Warsaw
5236,Piotr Wozniak,gdansk
5237,Marek Zielinski,warsaw
5238,Kasia Nowak,Gdansk
5239,Anna Smith,Gdansk
5240,Maria Smith,Warsaw
5241,Kasia Kowalski,Krakow
5242,Marek Smith,Krakow
5243,Marek Wozniak,warsaw
5244,Jan Kowalski,warsaw
5245,Marek Zielinski,gdansk
5246,Anna Kowalski,Warsaw
5247,John Nowak,warsaw
5248,John Zielinski,Poznan
5249,Kasia Zielinski,Krakow
5250,Anna Zielinski,gdansk
5251,Jan Nowak,gdansk
5252,Piotr Smith,Warsaw
5253,John Smith,Gdansk
5254,John Nowak,Gdansk
5255,Jan Smith,Warsaw
5256,Anna Zielinski,krakow
5257,Anna Zielinski,Warsaw
5258,Jan Kowalski,Krakow
5259,Maria Smith,Poznan
5260,Marek Wozniak,Warsaw
5261,John Wozniak,Krakow
5262,Jan Nowak,Krakow
5263,Maria Smith,Krakow
5264,Kasia Smith,krakow
5265,Piotr Zielinski,Warsaw
5266,Jan Smith,Warsaw
5267,Piotr Kowalski,Gdansk
5268,Anna Nowak,Gdansk
5269,Jan Smith,Gdansk
5270,John Zielinski,Poznan
5271,Maria Smith,warsaw
5272,Kasia Zielinski,Warsaw
5273,John Kowalski,krakow
5274,Marek Nowak,Warsaw
5275,Jan Zielinski,Gdansk
5276,Maria Zielinski,gdansk
5277,Kasia Zielinski,gdansk
5278,Anna Zielinski,Poznan
5279,Anna Zielinski,krakow
5280,John Zielinski,Gdansk
5281,Kasia Smith,Krakow
5282,Jan Zielinski,Krakow
5283,Jan Smith,warsaw
5284,Marek Smith,warsaw
5285,Kasia Smith,gdansk
5286,Anna Kowalski,krakow
5287,John Wozniak,Krakow
5288,Anna Smith,Gdansk
5289,Maria Nowak,Krakow
5290,John Wozniak,Gdansk
5291,Jan Wozniak,Poznan
5292,Kasia Kowalski,Gdansk
5293,Marek Kowalski,Gdansk
5294,Jan Wozniak,gdansk
5295,Maria Kowalski,Gdansk
5296,Piotr Smith,Krakow
5297,Piotr Nowak,Warsaw
5298,Kasia Wozniak,Gdansk
5299,Jan Zielinski,krakow
5300,John Kowalski,warsaw
5301,Kasia Nowak,warsaw
5302,Anna Wozniak,Krakow
5303,Marek Zielinski,gdansk
5304,Kasia Nowak,warsaw
5305,Marek Nowak,Poznan
5306,Kasia Nowak,gdansk
5307,Jan Nowak,warsaw
5308,Maria Zielinski,krakow
5309,Kasia Smith,warsaw
5310,Kasia Zielinski,warsaw
5311,John Smith,Warsaw
5312,Piotr Smith,Gdansk
5313,Maria Zielinski,Warsaw
5314,John Nowak,Warsaw
5315,John Smith,krakow
5316,Kasia Wozniak,gdansk
5317,Marek Wozniak,Krakow
5318,Marek Wozniak,gdansk
5319,Jan Kowalski,gdansk
5320,Marek Zielinski,Poznan
5321,Maria Nowak,warsaw
5322,Anna Zielinski,Gdansk
5323,Piotr Wozniak,krakow
5324,Piotr Wozniak,warsaw
5325,Maria Zielinski,Krakow
5326,Marek Nowak,warsaw
5327,Piotr Wozniak,Krakow
5328,Anna Zielinski,Gdansk
5329,Maria Zielinski,Gdansk
5330,Marek Wozniak,Krakow
5331,Piotr Wozniak,Krakow
5332,Marek Kowalski,warsaw
5333,Anna Kowalski,krakow
5334,Maria Smith,Gdansk
5335,Maria Smith,Warsaw
5336,Piotr Smith,warsaw
5337,Anna Smith,Krakow
5338,Kasia Wozniak,warsaw
5339,Jan Smith,Krakow
5340,Maria Nowak,warsaw
5341,John Smith,warsaw
5342,Anna Kowalski,Gdansk
5343,Marek Zielinski,Poznan
5344,Jan Nowak,Gdansk
5345,Anna Zielinski,Gdansk
5346,Marek Kowalski,Warsaw
5347,Kasia Nowak,Krakow
5348,Jan Smith,Gdansk
5349,Kasia Wozniak,Gdansk
5350,Jan Wozniak,Krakow
5351,Anna Nowak,krakow
5352,Kasia Wozniak,Krakow
5353,Anna Kowalski,Krakow
5354,John Nowak,Krakow
5355,Marek Nowak,gdansk
5356,Marek Kowalski,gdansk
5357,Anna Smith,warsaw
5358,Maria Smith,Krakow
5359,Kasia Zielinski,gdansk
5360,Marek Nowak,gdansk
5361,John Smith,Warsaw
5362,Kasia Nowak,gdansk
5363,Marek Zielinski,Krakow
5364,Jan Zielinski,gdansk
5365,Marek Nowak,gdansk
5366,John Nowak,warsaw
5367,Jan Zielinski,krakow
5368,Marek Kowalski,gdansk
5369,Jan Smith,krakow
5370,Jan Wozniak,Poznan
5371,Jan Wozniak,Krakow
5372,Jan Kowalski,gdansk
5373,Anna Zielinski,Poznan
5374,John Kowalski,Warsaw
5375,Kasia Nowak,krakow
5376,Maria Zielinski,warsaw
5377,John Kowalski,Warsaw
5378,Kasia Smith,Gdansk
5379,Kasia Zielinski,warsaw
5380,John Smith,krakow
5381,Maria Kowalski,Krakow
5382,Marek Kowalski,Krakow
5383,John Wozniak,krakow
5384,Marek Wozniak,Gdansk
5385,Piotr Zielinski,krakow
5386,Piotr Nowak,warsaw
5387,Anna Smith,krakow
5388,Kasia Smith,warsaw
5389,John Wozniak,Warsaw
5390,Jan Wozniak,Krakow
5391,John Nowak,Krakow
5392,John Wozniak,gdansk
5393,Jan Wozniak,Poznan
5394,Marek Wozniak,Gdansk
5395,Kasia Kowalski,Warsaw
5396,Piotr Smith,Gdansk
5397,Jan Wozniak,Warsaw
5398,Maria Smith,Krakow
5399,John Smith,krakow
5400,Kasia Wozniak,krakow
5401,Kasia Smith,Warsaw
5402,Piotr Wozniak,gdansk
5403,Jan Smith,gdansk
5404,Marek Nowak,Krakow
5405,Kasia Wozniak,warsaw
5406,Maria Kowalski,Gdansk
5407,Jan Nowak,Gdansk
5408,Maria Smith,warsaw
5409,Maria Zielinski,Warsaw
5410,John Nowak,Poznan
5411,Kasia Nowak,Poznan
5412,John Smith,Krakow
5413,Marek Zielinski,Warsaw
5414,John Nowak,Gdansk
5415,Jan Smith,Gdansk
5416,Jan Kowalski,Poznan
5417,Maria Wozniak,Poznan
5418,John Kowalski,Krakow
5419,Marek Kowalski,Krakow
5420,Piotr Wozniak,warsaw
5421,Maria Kowalski,Warsaw
5422,Anna Nowak,Poznan
5423,Maria Nowak,Gdansk
5424,Kasia Wozniak,Warsaw
5425,Jan Smith,Krakow
5426,Anna Kowalski,gdansk
5427,Marek Kowalski,Warsaw
5428,Piotr Nowak,Poznan
5429,Marek Wozniak,gdansk
5430,Kasia Kowalski,Poznan
5431,John Smith,Poznan
5432,Anna Nowak,Warsaw
5433,Maria Wozniak,Warsaw
5434,Anna Zielinski,Gdansk
5435,Jan Nowak,gdansk
5436,Maria Wozniak,warsaw
5437,Marek Zielinski,Poznan
5438,Piotr Smith,krakow
5439,Maria Nowak,Krakow
5440,Piotr Wozniak,warsaw
5441,Anna Smith,gdansk
5442,Maria Wozniak,krakow
5443,Piotr Wozniak,Warsaw
5444,Jan Wozniak,Gdansk
5445,Piotr Wozniak,Krakow
5446,John Zielinski,Gdansk
5447,Jan Wozniak,Warsaw
5448,Kasia Wozniak,Krakow
5449,Marek Zielinski,gdansk
5450,Anna Wozniak,warsaw
5451,Maria Nowak,krakow
5452,Marek Kowalski,krakow
5453,Piotr Wozniak,Gdansk
5454,Anna Smith,Krakow
5455,Jan Nowak,Warsaw
5456,Maria Kowalski,warsaw
5457,Marek Wozniak,Gdansk
5458,Jan Nowak,warsaw
5459,Kasia Zielinski,Poznan
5460,Kasia Zielinski,gdansk
5461,Marek Zielinski,Poznan
5462,Jan Nowak,Poznan
5463,Kasia Smith,krakow
5464,Piotr Smith,Poznan
5465,Jan Nowak,Krakow
5466,John Zielinski,Gdansk
5467,Kasia Nowak,Krakow
5468,John Kowalski,Poznan
5469,Maria Wozniak,Gdansk
5470,Kasia Smith,gdansk
5471,Jan Smith,krakow
5472,John Wozniak,Gdansk
5473,Maria Nowak,Warsaw
5474,Kasia Nowak,krakow
5475,Jan Nowak,warsaw
5476,Maria Nowak,warsaw
5477,Jan Wozniak,Poznan
5478,Anna Nowak,krakow
5479,Kasia Kowalski,gdansk
5480,Marek Zielinski,krakow
5481,Jan Zielinski,krakow
5482,Kasia Nowak,Krakow
5483,Anna Wozniak,Krakow
5484,John Smith,Gdansk
5485,Piotr Zielinski,Krakow
5486,Maria Kowalski,warsaw
5487,Piotr Zielinski,gdansk
5488,Jan Zielinski,gdansk
5489,Piotr Zielinski,Gdansk
5490,Piotr Wozniak,krakow
5491,Jan Smith,gdansk
5492,John Kowalski,warsaw
5493,Maria Wozniak,Warsaw
5494,Piotr Wozniak,warsaw
5495,Jan Wozniak,Warsaw
5496,Anna Smith,gdansk
5497,Jan Kowalski,gdansk
5498,Anna Zielinski,krakow
5499,Piotr Nowak,Warsaw
5500,Maria Wozniak,Gdansk
5501,Jan Nowak,Krakow
5502,John Zielinski,warsaw
5503,Piotr Nowak,warsaw
5504,Piotr Smith,Poznan
5505,Marek Wozniak,Gdansk
5506,John Smith,Krakow
5507,Maria Wozniak,Krakow
5508,Maria Zielinski,gdansk
5509,John Kowalski,Warsaw
5510,Maria Kowalski,Warsaw
5511,John Kowalski,Krakow
5512,Jan Smith,Gdansk
5513,Anna Kowalski,Poznan
5514,Maria Zielinski,gdansk
5515,Marek Wozniak,Krakow
5516,Maria Zielinski,Gdansk
5517,Piotr Zielinski,gdansk
5518,Kasia Kowalski,warsaw
5519,Anna Kowalski,warsaw
5520,Anna Zielinski,warsaw
5521,Jan Kowalski,krakow
5522,Marek Nowak,Krakow
5523,Anna Nowak,warsaw
5524,Maria Wozniak,krakow
5525,John Wozniak,Krakow
5526,Piotr Zielinski,Poznan
5527,Anna Kowalski,Gdansk
5528,Kasia Wozniak,Poznan
5529,Kasia Wozniak,Krakow
5530,Piotr Zielinski,Krakow
5531,Maria Nowak,Gdansk
5532,Marek Kowalski,warsaw
5533,John Smith,gdansk
5534,Jan Wozniak,Gdansk
5535,Kasia Wozniak,gdansk
5536,Marek Smith,gdansk
5537,Anna Zielinski,krakow
5538,John Smith,warsaw
5539,Anna Smith,Poznan
5540,Kasia Smith,gdansk
5541,Kasia Kowalski,Gdansk
5542,Maria Kowalski,krakow
5543,Piotr Kowalski,gdansk
5544,Anna Kowalski,krakow
5545,Piotr Zielinski,warsaw
5546,Anna Zielinski,Krakow
5547,Piotr Nowak,Krakow
5548,Piotr Zielinski,Warsaw
5549,Maria Smith,Warsaw
5550,John Smith,gdansk
5551,Kasia Wozniak,Warsaw
5552,John Smith,Krakow
5553,John Nowak,Gdansk
5554,Marek Nowak,Poznan
5555,John Wozniak,Gdansk
5556,John Wozniak,krakow
5557,Jan Wozniak,gdansk
5558,Marek Zielinski,Poznan
5559,Anna Nowak,Krakow
5560,Anna Zielinski,gdansk
5561,Jan Kowalski,Poznan
5562,Marek Kowalski,Warsaw
5563,Kasia Nowak,Warsaw
5564,Kasia Nowak,Krakow
5565,Anna Zielinski,Krakow
5566,Marek Kowalski,gdansk
5567,Maria Nowak,Krakow
5568,Marek Smith,gdansk
5569,Jan Zielinski,gdansk
5570,Piotr Zielinski,Warsaw
5571,John Wozniak,krakow
5572,Marek Nowak,Warsaw
5573,Jan Zielinski,warsaw
5574,John Smith,Warsaw
5575,Jan Wozniak,Warsaw
5576,Piotr Zielinski,warsaw
5577,John Zielinski,krakow
5578,Jan Nowak,Krakow
5579,Piotr Zielinski,Krakow
5580,Anna Smith,krakow
5581,Maria Nowak,Gdansk
5582,Kasia Nowak,Warsaw
5583,Anna Kowalski,gdansk
5584,Anna Kowalski,Krakow
5585,Maria Nowak,Poznan
5586,Jan Nowak,warsaw
5587,John Smith,krakow
5588,Anna Kowalski,Krakow
5589,Marek Kowalski,gdansk
5590,Marek Kowalski,Krakow
5591,Anna Wozniak,gdansk
5592,Piotr Kowalski,Krakow
5593,Jan Zielinski,Krakow
5594,Kasia Kowalski,Poznan
5595,Jan Smith,warsaw
5596,Jan Smith,Krakow
5597,John Wozniak,Krakow
5598,Anna Wozniak,Krakow
5599,Maria Smith,Krakow
5600,Marek Zielinski,krakow
5601,Marek Kowalski,Warsaw
5602,Marek Zielinski,krakow
5603,Jan Zielinski,Gdansk
5604,Jan Wozniak,Krakow
5605,John Smith,warsaw
5606,Piotr Zielinski,Gdansk
5607,Marek Smith,Warsaw
5608,Maria Kowalski,Krakow
5609,Jan Wozniak,Krakow
5610,Anna Nowak,Gdansk
5611,John Kowalski,krakow
5612,Jan Wozniak,Gdansk
5613,Piotr Smith,Gdansk
5614,Kasia Zielinski,Warsaw
5615,Piotr Nowak,gdansk
5616,Piotr Nowak,warsaw
5617,Kasia Wozniak,Krakow
5618,Piotr Nowak,warsaw
5619,Piotr Smith,warsaw
5620,Kasia Zielinski,warsaw
5621,Marek Nowak,krakow
5622,Marek Zielinski,krakow
5623,Maria Zielinski,gdansk
5624,Kasia Wozniak,krakow
5625,Marek Kowalski,Krakow
5626,John Smith,Gdansk
5627,Piotr Wozniak,gdansk
5628,Kasia Smith,Warsaw
5629,Jan Zielinski,Warsaw
5630,Kasia Wozniak,Poznan
5631,Piotr Zielinski,krakow
5632,Maria Nowak,warsaw
5633,Maria Kowalski,Krakow
5634,Maria Zielinski,warsaw
5635,Maria Kowalski,warsaw
5636,John Smith,Poznan
5637,Anna Nowak,Krakow
5638,Marek Kowalski,Poznan
5639,Piotr Wozniak,krakow
5640,Jan Wozniak,Warsaw
5641,John Kowalski,warsaw
5642,Jan Smith,Krakow
5643,Anna Kowalski,warsaw
5644,Marek Kowalski,krakow
5645,Anna Kowalski,warsaw
5646,John Zielinski,Poznan
5647,Marek Smith,Warsaw
5648,Kasia Kowalski,Krakow
5649,Anna Wozniak,Gdansk
5650,John Wozniak,gdansk
5651,Jan Wozniak,gdansk
5652,Kasia Wozniak,gdansk
5653,Jan Nowak,krakow
5654,Jan Smith,Poznan
5655,Jan Wozniak,Poznan
5656,Piotr Smith,Poznan
5657,John Wozniak,Gdansk
5658,Kasia Zielinski,Warsaw
5659,Piotr Wozniak,gdansk
5660,John Zielinski,Warsaw
5661,Jan Zielinski,warsaw
5662,Marek Kowalski,Krakow
5663,Piotr Smith,Gdansk
5664,Marek Nowak,Gdansk
5665,Maria Wozniak,Warsaw
5666,John Kowalski,warsaw
5667,Kasia Kowalski,Warsaw
5668,Jan Smith,krakow
5669,Anna Smith,krakow
5670,John Kowalski,krakow
5671,Jan Smith,Krakow
5672,Kasia Wozniak,Warsaw
5673,Piotr Wozniak,warsaw
5674,Jan Wozniak,gdansk
5675,Maria Nowak,krakow
5676,Marek Nowak,Krakow
5677,John Nowak,gdansk
5678,Marek Wozniak,Poznan
5679,Marek Nowak,warsaw
5680,Piotr Kowalski,Gdansk
5681,Maria Wozniak,gdansk
5682,Kasia Nowak,krakow
5683,John Wozniak,krakow
5684,Marek Nowak,Krakow
5685,Kasia Smith,gdansk
5686,John Nowak,Gdansk
5687,Marek Wozniak,Gdansk
5688,Piotr Wozniak,gdansk
5689,Piotr Zielinski,Krakow
5690,Anna Kowalski,krakow
5691,Maria Wozniak,Poznan
5692,John Nowak,warsaw
5693,Anna Smith,gdansk
5694,Maria Smith,warsaw
5695,Maria Zielinski,gdansk
5696,Marek Wozniak,krakow
5697,Anna Wozniak,Krakow
5698,Anna Nowak,Poznan
5699,Kasia Wozniak,Krakow
5700,Anna Zielinski,gdansk
5701,Piotr Smith,krakow
5702,Piotr Smith,Poznan
5703,Marek Nowak,Gdansk
5704,Piotr Kowalski,Krakow
5705,Piotr Wozniak,Warsaw
5706,Kasia Smith,Krakow
5707,John Nowak,Gdansk
5708,Anna Smith,gdansk
5709,Anna Zielinski,gdansk
5710,Kasia Kowalski,warsaw
5711,Anna Zielinski,Warsaw
5712,Jan Kowalski,gdansk
5713,Kasia Wozniak,Krakow
5714,Piotr Wozniak,gdansk
5715,Maria Kowalski,Poznan
5716,Marek Zielinski,Gdansk
5717,Kasia Nowak,Warsaw
5718,Piotr Smith,Warsaw
5719,Jan Zielinski,gdansk
5720,John Nowak,krakow
5721,Maria Nowak,Krakow
5722,John Smith,krakow
5723,Kasia Nowak,warsaw
5724,John Smith,gdansk
5725,John Nowak,Poznan
5726,Kasia Nowak,Poznan
5727,Jan Zielinski,Krakow
5728,Piotr Zielinski,Gdansk
5729,Maria Kowalski,gdansk
5730,Marek Nowak,Krakow
5731,Maria Wozniak,warsaw
5732,Marek Wozniak,Krakow
5733,John Kowalski,Krakow
5734,Maria Nowak,Gdansk
5735,Kasia Kowalski,gdansk
5736,Piotr Smith,Warsaw
5737,Kasia Kowalski,Warsaw
5738,Marek Wozniak,gdansk
5739,Jan Smith,Krakow
5740,Kasia Zielinski,Poznan
5741,John Smith,Warsaw
5742,Jan Kowalski,Warsaw
5743,John Smith,warsaw
5744,Anna Zielinski,Krakow
5745,John Zielinski,Poznan
5746,Kasia Zielinski,krakow
5747,John Zielinski,Krakow
5748,Maria Wozniak,krakow
5749,Maria Nowak,Krakow
5750,Piotr Smith,Krakow
5751,Marek Wozniak,warsaw
5752,Kasia Wozniak,warsaw
5753,Maria Kowalski,gdansk
5754,Kasia Smith,krakow
5755,Anna Zielinski,Warsaw
5756,John Wozniak,Gdansk
5757,Piotr Nowak,warsaw
5758,John Zielinski,Krakow
5759,Piotr Smith,Poznan
5760,Piotr Wozniak,gdansk
5761,Kasia Nowak,warsaw
5762,Maria Zielinski,warsaw
5763,Maria Smith,Gdansk
5764,Kasia Wozniak,Poznan
5765,Anna Smith,Gdansk
5766,John Wozniak,warsaw
5767,Kasia Zielinski,warsaw
5768,Kasia Zielinski,Poznan
5769,Anna Nowak,krakow
5770,Jan Kowalski,Warsaw
5771,Maria Smith,warsaw
5772,Marek Kowalski,Poznan
5773,Marek Wozniak,Gdansk
5774,Kasia Smith,Poznan
5775,Jan Wozniak,Gdansk
5776,Piotr Smith,Poznan
5777,Piotr Nowak,gdansk
5778,John Smith,Gdansk
5779,Maria Zielinski,krakow
5780,Jan Wozniak,krakow
5781,Marek Wozniak,Krakow
5782,Marek Wozniak,warsaw
5783,Marek Kowalski,krakow
5784,Piotr Nowak,Gdansk
5785,Marek Smith,Poznan
5786,Kasia Kowalski,gdansk
5787,Anna Wozniak,Gdansk
5788,John Wozniak,krakow
5789,Kasia Kowalski,gdansk
5790,Anna Zielinski,warsaw
5791,Jan Zielinski,Gdansk
5792,Maria Nowak,Gdansk
5793,Maria Wozniak,Warsaw
5794,Piotr Zielinski,warsaw
5795,Jan Zielinski,gdansk
5796,Kasia Nowak,Krakow
5797,Anna Zielinski,Poznan
5798,John Wozniak,Gdansk
5799,Maria Kowalski,Poznan
5800,Jan Wozniak,Krakow
5801,John Kowalski,warsaw
5802,Kasia Kowalski,Krakow
5803,Jan Smith,Warsaw
5804,Anna Kowalski,Gdansk
5805,Kasia Wozniak,warsaw
5806,John Zielinski,krakow
5807,Jan Kowalski,krakow
5808,Maria Nowak,Poznan
5809,Maria Smith,Poznan
5810,Jan Kowalski,krakow
5811,John Nowak,Warsaw
5812,John Nowak,gdansk
5813,John Wozniak,Poznan
5814,Maria Wozniak,Poznan
5815,Kasia Nowak,Poznan
5816,Kasia Smith,gdansk
5817,Maria Nowak,gdansk
5818,Marek Zielinski,gdansk
5819,Maria Nowak,krakow
5820,Kasia Nowak,Krakow
5821,Marek Wozniak,Poznan
5822,Marek Nowak,Krakow
5823,Kasia Zielinski,gdansk
5824,John Wozniak,krakow
5825,Marek Nowak,Warsaw
5826,Jan Smith,Poznan
5827,Marek Zielinski,Poznan
5828,Marek Nowak,gdansk
5829,Jan Smith,krakow
5830,John Smith,warsaw
5831,Jan Wozniak,warsaw
5832,Piotr Nowak,Krakow
5833,John Nowak,krakow
5834,John Wozniak,Poznan
5835,Jan Smith,Krakow
5836,Piotr Wozniak,Krakow
5837,Marek Wozniak,gdansk
5838,Piotr Zielinski,Krakow
5839,Maria Nowak,Poznan
5840,Jan Kowalski,Gdansk
5841,Piotr Nowak,warsaw
5842,Piotr Zielinski,Krakow
5843,John Smith,Krakow
5844,John Kowalski,Gdansk
5845,John Smith,krakow
5846,John Wozniak,gdansk
5847,Piotr Kowalski,gdansk
5848,Marek Kowalski,warsaw
5849,Maria Smith,Poznan
5850,Kasia Smith,gdansk
5851,Jan Nowak,Poznan
5852,Jan Zielinski,Krakow
5853,Jan Zielinski,Warsaw
5854,Piotr Smith,gdansk
5855,Maria Zielinski,krakow
5856,Kasia Zielinski,warsaw
5857,Piotr Kowalski,Gdansk
5858,Marek Zielinski,Krakow
5859,Maria Smith,krakow
5860,Marek Wozniak,gdansk
5861,Jan Zielinski,krakow
5862,Jan Wozniak,krakow
5863,Anna Nowak,Krakow
5864,Jan Smith,warsaw
5865,Jan Kowalski,Krakow
5866,Maria Nowak,gdansk
5867,Jan Smith,krakow
5868,Kasia Zielinski,gdansk
5869,Anna Zielinski,warsaw
5870,John Kowalski,Krakow
5871,John Nowak,krakow
5872,John Nowak,Krakow
5873,Maria Nowak,Krakow
5874,Maria Zielinski,Poznan
5875,John Zielinski,Poznan
5876,Anna Nowak,krakow
5877,Maria Zielinski,warsaw
5878,Jan Smith,Poznan
5879,John Kowalski,gdansk
5880,John Kowalski,warsaw
5881,John Wozniak,warsaw
5882,Anna Zielinski,Krakow
5883,Maria Smith,Warsaw
5884,John Kowalski,gdansk
5885,Marek Nowak,warsaw
5886,Maria Smith,Warsaw
5887,Jan Kowalski,warsaw
5888,Maria Zielinski,krakow
5889,Kasia Nowak,Gdansk
5890,Marek Nowak,Krakow
5891,Marek Nowak,warsaw
5892,Kasia Nowak,krakow
5893,Anna Wozniak,warsaw
5894,Anna Zielinski,Gdansk
5895,Jan Zielinski,krakow
5896,Piotr Zielinski,Warsaw
5897,Maria Wozniak,Poznan
5898,Anna Wozniak,Poznan
5899,John Kowalski,Gdansk
5900,Marek Zielinski,Poznan
5901,Kasia Nowak,Krakow
5902,Marek Wozniak,Gdansk
5903,Piotr Wozniak,gdansk
5904,Jan Smith,Gdansk
5905,Kasia Zielinski,Krakow
5906,John Smith,Krakow
5907,Marek Zielinski,warsaw
5908,Piotr Smith,gdansk
5909,Maria Zielinski,Krakow
5910,John Wozniak,Warsaw
5911,Marek Kowalski,krakow
5912,Anna Smith,Gdansk
5913,Kasia Wozniak,warsaw
5914,Jan Nowak,Poznan
5915,Kasia Smith,Warsaw
5916,Marek Wozniak,Krakow
5917,John Zielinski,Poznan
5918,Jan Kowalski,Poznan
5919,Anna Kowalski,warsaw
5920,Piotr Zielinski,Krakow
5921,Piotr Zielinski,krakow
5922,Anna Smith,Gdansk
5923,Jan Zielinski,gdansk
5924,Jan Smith,warsaw
5925,Jan Wozniak,Poznan
5926,Jan Kowalski,Gdansk
5927,John Kowalski,Krakow
5928,Maria Wozniak,gdansk
5929,Maria Wozniak,Poznan
5930,John Smith,warsaw
5931,Piotr Wozniak,Poznan
5932,Marek Smith,Krakow
5933,Jan Smith,Krakow
5934,John Smith,Poznan
5935,John Smith,krakow
5936,Piotr Wozniak,Gdansk
5937,Kasia Wozniak,Warsaw
5938,Marek Wozniak,Warsaw
5939,Kasia Smith,gdansk
5940,Marek Kowalski,krakow
5941,Marek Smith,Warsaw
5942,Marek Kowalski,warsaw
5943,John Smith,Krakow
5944,Marek Smith,Warsaw
5945,Piotr Wozniak,Poznan
5946,Kasia Smith,Gdansk
5947,Maria Kowalski,Poznan
5948,Jan Zielinski,Gdansk
5949,Kasia Smith,Warsaw
5950,Anna Kowalski,warsaw
5951,Piotr Wozniak,gdansk
5952,Maria Wozniak,Warsaw
5953,Marek Wozniak,gdansk
5954,John Wozniak,warsaw
5955,Piotr Zielinski,Gdansk
5956,Kasia Nowak,Warsaw
5957,Anna Smith,Krakow
5958,Maria Smith,krakow
5959,Piotr Nowak,krakow
5960,Jan Nowak,Krakow
5961,Marek Wozniak,Poznan
5962,Jan Kowalski,Gdansk
5963,Piotr Zielinski,warsaw
5964,Maria Nowak,krakow
5965,Jan Smith,Gdansk
5966,Maria Smith,Gdansk
5967,Maria Smith,gdansk
5968,Anna Kowalski,Poznan
5969,Marek Nowak,Poznan
5970,Marek Smith,Poznan
5971,Piotr Wozniak,gdansk
5972,Jan Kowalski,Krakow
5973,Kasia Kowalski,krakow
5974,Piotr Smith,warsaw
5975,John Smith,Krakow
5976,Maria Nowak,warsaw
5977,Anna Wozniak,krakow
5978,Kasia Wozniak,Poznan
5979,Anna Zielinski,Warsaw
5980,Maria Smith,Warsaw
5981,Maria Wozniak,Warsaw
5982,Maria Smith,Poznan
5983,Maria Wozniak,Krakow
5984,Maria Smith,gdansk
5985,Anna Nowak,Gdansk
5986,Anna Zielinski,Poznan
5987,Anna Zielinski,warsaw
5988,Marek Zielinski,Poznan
5989,Marek Nowak,Gdansk
5990,Kasia Zielinski,gdansk
5991,Jan Nowak,Poznan
5992,John Wozniak,Poznan
5993,Piotr Wozniak,krakow
5994,John Kowalski,gdansk
5995,Piotr Nowak,warsaw
5996,John Zielinski,Krakow
5997,Kasia Zielinski,Poznan
5998,John Wozniak,Warsaw
5999,Kasia Zielinski,Krakow
6000,Anna Zielinski,Poznan
6001,Kasia Nowak,Warsaw
6002,Jan Smith,krakow
6003,Jan Smith,Poznan
6004,Jan Zielinski,gdansk
6005,Marek Smith,Gdansk
6006,Kasia Kowalski,Poznan
6007,Marek Zielinski,Krakow
6008,John Zielinski,warsaw
6009,Jan Kowalski,warsaw
6010,Piotr Kowalski,Warsaw
6011,Anna Zielinski,Gdansk
6012,Marek Nowak,Poznan
6013,Jan Zielinski,Krakow
6014,Anna Smith,Poznan
6015,Piotr Kowalski,gdansk
6016,Jan Kowalski,Krakow
6017,Jan Wozniak,Krakow
6018,Jan Kowalski,Poznan
6019,Piotr Nowak,warsaw
6020,Kasia Nowak,Poznan
6021,Kasia Nowak,krakow
6022,Marek Kowalski,krakow
6023,Anna Wozniak,krakow
6024,Kasia Kowalski,warsaw
6025,Marek Wozniak,Gdansk
6026,Marek Nowak,Warsaw
6027,Jan Zielinski,Gdansk
6028,John Zielinski,Warsaw
6029,Jan Kowalski,Warsaw
6030,Kasia Zielinski,Krakow
6031,John Smith,krakow
6032,Jan Kowalski,Warsaw
6033,Marek Zielinski,Krakow
6034,Kasia Smith,Gdansk
6035,Anna Wozniak,Warsaw
6036,Anna Wozniak,Poznan
6037,Kasia Wozniak,Poznan
6038,Anna Smith,Krakow
6039,Piotr Nowak,krakow
6040,Marek Smith,warsaw
6041,John Nowak,gdansk
6042,John Wozniak,krakow
6043,Anna Smith,gdansk
6044,John Smith,Warsaw
6045,Jan Kowalski,warsaw
6046,Maria Nowak,warsaw
6047,Maria Kowalski,warsaw
6048,John Wozniak,Poznan
6049,Anna Nowak,Gdansk
6050,Marek Kowalski,Poznan
6051,John Smith,Krakow
6052,Maria Wozniak,Poznan
6053,Jan Wozniak,warsaw
6054,Jan Zielinski,warsaw
6055,John Kowalski,Krakow
6056,Anna Kowalski,Warsaw
6057,Kasia Kowalski,Krakow
6058,Kasia Smith,Poznan
6059,Piotr Zielinski,Krakow
6060,Anna Nowak,Krakow
6061,Anna Wozniak,Warsaw
6062,John Kowalski,krakow
6063,Anna Zielinski,krakow
6064,Marek Zielinski,gdansk
6065,Maria Kowalski,warsaw
6066,Anna Nowak,Krakow
6067,Jan Nowak,krakow
6068,Anna Nowak,krakow
6069,Kasia Wozniak,Poznan
6070,Maria Wozniak,warsaw
6071,Marek Zielinski,Poznan
6072,John Nowak,Krakow
6073,Kasia Wozniak,Krakow
6074,Jan Smith,gdansk
6075,Maria Smith,Gdansk
6076,John Nowak,krakow
6077,Kasia Zielinski,warsaw
6078,Jan Kowalski,Gdansk
6079,Jan Kowalski,warsaw
6080,John Nowak,gdansk
6081,Anna Wozniak,Krakow
6082,Maria Nowak,warsaw
6083,Jan Smith,warsaw
6084,John Smith,Krakow
6085,John Wozniak,gdansk
6086,Maria Zielinski,Gdansk
6087,Maria Smith,Poznan
6088,Jan Smith,krakow
6089,Piotr Kowalski,Gdansk
6090,John Nowak,gdansk
6091,Marek Wozniak,gdansk
6092,Anna Kowalski,warsaw
6093,Anna Kowalski,gdansk
6094,Anna Kowalski,warsaw
6095,Kasia Smith,Warsaw
6096,Maria Wozniak,krakow
6097,Marek Smith,warsaw
6098,John Zielinski,krakow
6099,Kasia Kowalski,krakow
6100,Maria Smith,Gdansk
6101,Kasia Nowak,gdansk
6102,Piotr Zielinski,Krakow
6103,Piotr Kowalski,Krakow
6104,Piotr Wozniak,Poznan
6105,Maria Wozniak,gdansk
6106,Anna Smith,Poznan
6107,Maria Smith,Warsaw
6108,Marek Smith,krakow
6109,John Nowak,Gdansk
6110,Jan Nowak,warsaw
6111,Kasia Nowak,Warsaw
6112,Maria Smith,warsaw
6113,Marek Smith,Krakow
6114,Kasia Wozniak,Gdansk
6115,Anna Zielinski,warsaw
6116,Kasia Zielinski,warsaw
6117,Jan Kowalski,Poznan
6118,Anna Kowalski,gdansk
6119,John Smith,Gdansk
6120,Maria Kowalski,Gdansk
6121,Marek Zielinski,Gdansk
6122,Anna Zielinski,Krakow
6123,Maria Kowalski,gdansk
6124,Maria Kowalski,Krakow
6125,Jan Nowak,gdansk
6126,Jan Zielinski,warsaw
6127,Marek Kowalski,Gdansk
6128,Maria Wozniak,Poznan
6129,Jan Smith,Warsaw
6130,Kasia Smith,krakow
6131,Maria Wozniak,krakow
6132,Kasia Smith,warsaw
6133,John Smith,Warsaw
6134,Anna Smith,gdansk
6135,Maria Smith,warsaw
6136,John Zielinski,Gdansk
6137,Anna Nowak,Poznan
6138,Kasia Kowalski,warsaw
6139,Kasia Kowalski,Poznan
6140,Marek Kowalski,krakow
6141,Marek Kowalski,gdansk
6142,Kasia Wozniak,Gdansk
6143,Jan Kowalski,Poznan
6144,Piotr Nowak,warsaw
6145,Piotr Kowalski,krakow
6146,Anna Zielinski,gdansk
6147,Jan Kowalski,krakow
6148,Jan Smith,Poznan
6149,Piotr Nowak,gdansk
6150,Anna Zielinski,Krakow
6151,Maria Nowak,Poznan
6152,John Zielinski,krakow
6153,Jan Wozniak,Krakow
6154,Marek Nowak,Gdansk
6155,John Zielinski,krakow
6156,Jan Nowak,Poznan
6157,John Smith,Krakow
6158,Anna Wozniak,Poznan
6159,Piotr Nowak,gdansk
6160,Kasia Wozniak,Gdansk
6161,Jan Wozniak,Poznan
6162,Piotr Kowalski,Gdansk
6163,Anna Nowak,gdansk
6164,Maria Zielinski,Poznan
6165,Piotr Kowalski,Poznan
6166,Marek Wozniak,Poznan
6167,John Wozniak,krakow
6168,Anna Nowak,Poznan
6169,Marek Smith,Poznan
6170,John Smith,Krakow
6171,John Zielinski,Krakow
6172,Kasia Smith,Krakow
6173,Anna Nowak,Warsaw
6174,John Wozniak,warsaw
6175,Maria Wozniak,warsaw
6176,Maria Wozniak,gdansk
6177,Piotr Nowak,Poznan
6178,Marek Wozniak,Gdansk
6179,Maria Zielinski,krakow
6180,Maria Zielinski,Poznan
6181,John Wozniak,Warsaw
6182,Maria Nowak,Gdansk
6183,Marek Nowak,Gdansk
6184,Anna Nowak,Poznan
6185,Jan Smith,Gdansk
6186,John Zielinski,krakow
6187,Marek Wozniak,gdansk
6188,John Nowak,Krakow
6189,John Wozniak,Poznan
6190,Kasia Zielinski,Poznan
6191,Maria Nowak,krakow
6192,Marek Wozniak,gdansk
6193,Anna Kowalski,Gdansk
6194,Jan Nowak,gdansk
6195,Piotr Nowak,Krakow
6196,Kasia Nowak,gdansk
6197,Kasia Smith,Krakow
6198,Marek Smith,Krakow
6199,Jan Smith,krakow
6200,Marek Nowak,Krakow
6201,Kasia Smith,Poznan
6202,Marek Kowalski,warsaw
6203,Maria Zielinski,gdansk
6204,Piotr Wozniak,Poznan
6205,Piotr Kowalski,Poznan
6206,Kasia Nowak,Krakow
6207,Piotr Zielinski,Gdansk
6208,John Kowalski,Krakow
6209,Marek Smith,Warsaw
6210,John Nowak,gdansk
6211,Kasia Smith,Gdansk
6212,Kasia Kowalski,Poznan
6213,Kasia Kowalski,Krakow
6214,Marek Wozniak,Krakow
6215,Piotr Wozniak,Krakow
6216,Marek Kowalski,warsaw
6217,Piotr Nowak,Warsaw
6218,Jan Zielinski,Krakow
6219,Maria Zielinski,Krakow
6220,Marek Zielinski,Gdansk
6221,Jan Wozniak,Gdansk
6222,John Nowak,warsaw
6223,Anna Nowak,gdansk
6224,Maria Wozniak,Poznan
6225,Piotr Kowalski,gdansk
6226,Piotr Zielinski,Krakow
6227,Kasia Kowalski,krakow
6228,Anna Smith,Gdansk
6229,Maria Nowak,Krakow
6230,Jan Wozniak,Poznan
6231,Anna Kowalski,Gdansk
6232,Jan Smith,Warsaw
6233,Kasia Kowalski,Poznan
6234,John Kowalski,warsaw
6235,Jan Wozniak,gdansk
6236,Marek Kowalski,warsaw
6237,Anna Smith,warsaw
6238,Anna Zielinski,krakow
6239,Marek Wozniak,krakow
6240,Maria Zielinski,Gdansk
6241,Jan Wozniak,warsaw
6242,Marek Zielinski,Gdansk
6243,Kasia Zielinski,krakow
6244,John Smith,gdansk
6245,Marek Smith,Poznan
6246,Marek Smith,krakow
6247,Piotr Smith,warsaw
6248,Piotr Zielinski,Krakow
6249,Anna Kowalski,Krakow
6250,Marek Kowalski,Poznan
6251,Maria Zielinski,warsaw
6252,Anna Zielinski,gdansk
6253,Kasia Zielinski,Krakow
6254,Anna Zielinski,warsaw
6255,John Smith,gdansk
6256,John Zielinski,Poznan
6257,Jan Wozniak,Krakow
6258,Maria Nowak,krakow
6259,Maria Wozniak,krakow
6260,Maria Wozniak,Warsaw
6261,Jan Nowak,Gdansk
6262,Kasia Zielinski,gdansk
6263,Anna Smith,krakow
6264,Marek Kowalski,Warsaw
6265,John Smith,Warsaw
6266,John Smith,Gdansk
6267,Piotr Nowak,gdansk
6268,Maria Wozniak,krakow
6269,John Kowalski,krakow
6270,Jan Wozniak,Krakow
6271,Maria Smith,Krakow
6272,Jan Zielinski,Poznan
6273,Maria Wozniak,warsaw
6274,Marek Zielinski,gdansk
6275,Maria Smith,Poznan
6276,Anna Zielinski,Warsaw
6277,John Smith,Gdansk
6278,Anna Nowak,Gdansk
6279,Anna Zielinski,krakow
6280,John Kowalski,gdansk
6281,Jan Kowalski,Gdansk
6282,Marek Kowalski,Poznan
6283,Jan Nowak,gdansk
6284,Kasia Nowak,Krakow
6285,Anna Nowak,krakow
6286,Maria Wozniak,Poznan
6287,Kasia Wozniak,gdansk
6288,Kasia Kowalski,Poznan
6289,Piotr Kowalski,Warsaw
6290,Piotr Smith,warsaw
6291,John Wozniak,Krakow
6292,Kasia Nowak,warsaw
6293,Piotr Wozniak,warsaw
6294,Jan Smith,gdansk
6295,John Nowak,Krakow
6296,Kasia Nowak,Gdansk
6297,Piotr Nowak,Gdansk
6298,Anna Zielinski,Warsaw
6299,John Smith,Warsaw
6300,Jan Nowak,Gdansk
6301,Anna Nowak,Krakow
6302,Kasia Smith,Warsaw
6303,Marek Zielinski,Gdansk
6304,Piotr Nowak,warsaw
6305,Jan Zielinski,krakow
6306,Jan Zielinski,warsaw
6307,Piotr Nowak,Poznan
6308,John Kowalski,Gdansk
6309,Piotr Zielinski,warsaw
6310,Kasia Kowalski,Gdansk
6311,Jan Wozniak,Warsaw
6312,Maria Nowak,Gdansk
6313,Marek Nowak,Poznan
6314,Piotr Smith,Warsaw
6315,Piotr Kowalski,Gdansk
6316,Maria Kowalski,Warsaw
6317,Kasia Kowalski,Gdansk
6318,Jan Zielinski,Krakow
6319,Kasia Zielinski,Poznan
6320,Kasia Wozniak,Warsaw
6321,John Zielinski,Warsaw
6322,Piotr Kowalski,Krakow
6323,Jan Kowalski,Poznan
6324,Kasia Kowalski,Poznan
6325,Kasia Nowak,Krakow
6326,Anna Wozniak,Poznan
6327,Marek Zielinski,Warsaw
6328,Marek Zielinski,Warsaw
6329,John Smith,Gdansk
6330,Maria Zielinski,gdansk
6331,Maria Zielinski,krakow
6332,Marek Zielinski,gdansk
6333,Jan Smith,Krakow
6334,Jan Wozniak,Poznan
6335,Jan Smith,gdansk
6336,Kasia Wozniak,krakow
6337,Kasia Nowak,krakow
6338,Anna Wozniak,Warsaw
6339,Piotr Zielinski,krakow
6340,Maria Wozniak,Krakow
6341,Kasia Smith,Poznan
6342,John Nowak,Gdansk
6343,Marek Nowak,warsaw
6344,Anna Smith,Gdansk
6345,John Zielinski,Gdansk
6346,Jan Smith,gdansk
6347,Anna Zielinski,Warsaw
6348,Anna Smith,krakow
6349,Jan Smith,Gdansk
6350,Anna Wozniak,gdansk
6351,Maria Zielinski,Poznan
6352,Jan Zielinski,Krakow
6353,John Nowak,warsaw
6354,Anna Wozniak,warsaw
6355,Jan Smith,Warsaw
6356,John Kowalski,krakow
6357,Jan Zielinski,gdansk
6358,Maria Nowak,Warsaw
6359,Kasia Kowalski,gdansk
6360,Anna Smith,Warsaw
6361,Jan Smith,warsaw
6362,Kasia Kowalski,Krakow
6363,Marek Wozniak,Warsaw
6364,Jan Kowalski,Gdansk
6365,Jan Zielinski,gdansk
6366,Piotr Wozniak,gdansk
6367,Maria Smith,warsaw
6368,John Smith,krakow
6369,John Nowak,krakow
6370,Marek Wozniak,krakow
6371,Piotr Kowalski,Poznan
6372,Marek Wozniak,Krakow
6373,Maria Nowak,gdansk
6374,John Wozniak,Warsaw
6375,John Wozniak,warsaw
6376,John Kowalski,Warsaw
6377,John Nowak,Warsaw
6378,Jan Wozniak,Warsaw
6379,Jan Zielinski,Krakow
6380,Jan Smith,gdansk
6381,John Wozniak,Krakow
6382,Maria Smith,Krakow
6383,Marek Zielinski,Krakow
6384,Anna Nowak,krakow
6385,Marek Kowalski,Warsaw
6386,Maria Wozniak,warsaw
6387,Jan Zielinski,Warsaw
6388,Kasia Wozniak,Warsaw
6389,Anna Kowalski,Warsaw
6390,Marek Wozniak,warsaw
6391,Anna Nowak,warsaw
6392,Kasia Zielinski,Krakow
6393,Kasia Kowalski,krakow
6394,Maria Nowak,gdansk
6395,Maria Kowalski,Poznan
6396,Jan Smith,Warsaw
6397,Maria Nowak,warsaw
6398,Piotr Smith,warsaw
6399,Piotr Wozniak,warsaw
6400,John Nowak,krakow
6401,Kasia Kowalski,Krakow
6402,Maria Nowak,warsaw
6403,Jan Kowalski,Krakow
6404,John Wozniak,Warsaw
6405,Marek Wozniak,Warsaw
6406,Marek Kowalski,Gdansk
6407,Maria Smith,Gdansk
6408,Jan Kowalski,Gdansk
6409,Piotr Nowak,Warsaw
6410,John Nowak,krakow
6411,Maria Zielinski,Warsaw
6412,Maria Kowalski,gdansk
6413,Piotr Smith,Warsaw
6414,Jan Nowak,gdansk
6415,Jan Nowak,krakow
6416,Anna Zielinski,Warsaw
6417,Marek Wozniak,Poznan
6418,Maria Nowak,Poznan
6419,Jan Nowak,Gdansk
6420,Maria Nowak,Warsaw
6421,John Wozniak,Gdansk
6422,John Wozniak,Krakow
6423,John Zielinski,krakow
6424,Kasia Kowalski,gdansk
6425,Kasia Zielinski,Krakow
6426,Piotr Wozniak,krakow
6427,Jan Wozniak,Gdansk
6428,Piotr Kowalski,warsaw
6429,Piotr Kowalski,krakow
6430,Piotr Kowalski,Krakow
6431,John Nowak,krakow
6432,Marek Smith,warsaw
6433,Anna Wozniak,krakow
6434,John Zielinski,Poznan
6435,Jan Wozniak,warsaw
6436,Marek Smith,warsaw
6437,Kasia Wozniak,krakow
6438,Kasia Wozniak,krakow
6439,Kasia Wozniak,Krakow
6440,Piotr Smith,gdansk
6441,Kasia Kowalski,gdansk
6442,Maria Kowalski,warsaw
6443,Jan Kowalski,Gdansk
6444,Jan Zielinski,Krakow
6445,Kasia Zielinski,Poznan
6446,Marek Wozniak,Krakow
6447,John Smith,warsaw
6448,Kasia Kowalski,krakow
6449,Anna Zielinski,gdansk
6450,Kasia Smith,Poznan
6451,Marek Zielinski,krakow
6452,Anna Kowalski,warsaw
6453,Piotr Zielinski,warsaw
6454,John Wozniak,Gdansk
6455,Kasia Kowalski,krakow
6456,Anna Kowalski,krakow
6457,Maria Kowalski,Krakow
6458,John Zielinski,Poznan
6459,Jan Wozniak,Gdansk
6460,Marek Kowalski,warsaw
6461,Kasia Smith,krakow
6462,Jan Kowalski,Poznan
6463,Kasia Smith,Gdansk
6464,Marek Zielinski,Gdansk
6465,John Nowak,gdansk
6466,Anna Nowak,Warsaw
6467,Anna Nowak,Poznan
6468,Marek Nowak,Krakow
6469,Marek Nowak,Krakow
6470,Piotr Kowalski,gdansk
6471,Jan Kowalski,Krakow
6472,Marek Nowak,Krakow
6473,Maria Smith,Gdansk
6474,Marek Wozniak,krakow
6475,Piotr Kowalski,Krakow
6476,Piotr Nowak,Poznan
6477,Maria Kowalski,warsaw
6478,Jan Wozniak,Warsaw
6479,Maria Zielinski,krakow
6480,Jan Zielinski,Gdansk
6481,John Wozniak,gdansk
6482,Piotr Kowalski,Warsaw
6483,John Kowalski,krakow
6484,Anna Nowak,warsaw
6485,Kasia Wozniak,krakow
6486,Kasia Kowalski,Poznan
6487,Anna Zielinski,gdansk
6488,Marek Smith,krakow
6489,Maria Zielinski,warsaw
6490,Kasia Nowak,krakow
6491,John Zielinski,Krakow
6492,Piotr Nowak,Krakow
6493,Anna Kowalski,warsaw
6494,Maria Smith,gdansk
6495,Kasia Kowalski,Warsaw
6496,Marek Kowalski,gdansk
6497,Piotr Smith,gdansk
6498,Marek Nowak,Krakow
6499,Maria Wozniak,Warsaw
6500,Maria Zielinski,krakow
6501,Jan Smith,Poznan
6502,Piotr Kowalski,Gdansk
6503,Piotr Zielinski,Warsaw
6504,Kasia Smith,warsaw
6505,Anna Kowalski,gdansk
6506,Piotr Smith,krakow
6507,Kasia Smith,Warsaw
6508,Piotr Wozniak,gdansk
6509,Anna Smith,Gdansk
6510,Anna Kowalski,Poznan
6511,Maria Nowak,gdansk
6512,Maria Nowak,Krakow
6513,Kasia Kowalski,krakow
6514,Kasia Wozniak,Warsaw
6515,John Smith,gdansk
6516,Kasia Smith,Krakow
6517,Marek Zielinski,Poznan
6518,Marek Wozniak,krakow
6519,John Smith,warsaw
6520,Piotr Smith,Gdansk
6521,Jan Wozniak,Krakow
6522,Piotr Nowak,krakow
6523,John Nowak,Poznan
6524,John Smith,Poznan
6525,Maria Nowak,Warsaw
6526,Marek Kowalski,Poznan
6527,Marek Nowak,warsaw
6528,Anna Kowalski,Krakow
6529,Anna Kowalski,Gdansk
6530,Marek Kowalski,Poznan
6531,Anna Nowak,Warsaw
6532,John Nowak,gdansk
6533,Marek Smith,Poznan
6534,Maria Nowak,warsaw
6535,Maria Wozniak,gdansk
6536,Marek Smith,Poznan
6537,John Nowak,Gdansk
6538,Anna Nowak,gdansk
6539,Jan Kowalski,gdansk
6540,Anna Kowalski,Warsaw
6541,John Nowak,Warsaw
6542,Kasia Kowalski,warsaw
6543,Anna Nowak,krakow
6544,Piotr Zielinski,warsaw
6545,Kasia Kowalski,gdansk
6546,Kasia Zielinski,gdansk
6547,Jan Wozniak,Krakow
6548,John Zielinski,Poznan
6549,Marek Nowak,krakow
6550,Jan Zielinski,Warsaw
6551,Anna Kowalski,warsaw
6552,Piotr Kowalski,Gdansk
6553,Maria Kowalski,gdansk
6554,Anna Nowak,warsaw
6555,Jan Smith,Poznan
6556,Jan Kowalski,krakow
6557,John Zielinski,Krakow
6558,Maria Wozniak,Gdansk
6559,John Smith,warsaw
6560,Kasia Smith,Poznan
6561,Piotr Kowalski,Gdansk
6562,Anna Smith,Krakow
6563,Marek Kowalski,Warsaw
6564,Anna Nowak,krakow
6565,Piotr Nowak,Gdansk
6566,Marek Wozniak,Warsaw
6567,John Wozniak,Warsaw
6568,John Nowak,Krakow
6569,Maria Smith,gdansk
6570,John Zielinski,gdansk
6571,Anna Zielinski,Krakow
6572,John Smith,krakow
6573,Piotr Wozniak,Krakow
6574,Kasia Smith,Poznan
6575,Kasia Smith,Gdansk
6576,John Kowalski,warsaw
6577,Maria Kowalski,Warsaw
6578,John Smith,krakow
6579,Kasia Wozniak,Krakow
6580,Marek Wozniak,krakow
6581,Marek Wozniak,krakow
6582,Jan Kowalski,gdansk
6583,Marek Wozniak,krakow
6584,Anna Kowalski,Poznan
6585,Piotr Wozniak,Poznan
6586,John Kowalski,krakow
6587,Piotr Nowak,krakow
6588,Marek Kowalski,warsaw
6589,Maria Kowalski,warsaw
6590,Anna Nowak,krakow
6591,Kasia Kowalski,Krakow
6592,Piotr Kowalski,Warsaw
6593,Kasia Wozniak,warsaw
6594,Piotr Zielinski,Krakow
6595,Jan Kowalski,krakow
6596,Maria Wozniak,krakow
6597,Kasia Kowalski,krakow
6598,John Nowak,Krakow
6599,Anna Nowak,Krakow
6600,John Wozniak,Gdansk
6601,Piotr Kowalski,warsaw
6602,Maria Wozniak,Poznan
6603,Jan Wozniak,krakow
6604,Anna Smith,gdansk
6605,Jan Smith,gdansk
6606,Piotr Zielinski,krakow
6607,Maria Nowak,Gdansk
6608,Jan Zielinski,Krakow
6609,Piotr Smith,Poznan
6610,John Kowalski,Krakow
6611,Maria Wozniak,Warsaw
6612,Anna Wozniak,Krakow
6613,Kasia Kowalski,warsaw
6614,Piotr Kowalski,Poznan
6615,Piotr Wozniak,Poznan
6616,Piotr Zielinski,Krakow
6617,Maria Smith,gdansk
6618,Jan Kowalski,Krakow
6619,Marek Zielinski,warsaw
6620,John Zielinski,Gdansk
6621,Jan Kowalski,krakow
6622,Maria Wozniak,Warsaw
6623,Piotr Zielinski,Warsaw
6624,Kasia Kowalski,Gdansk
6625,Piotr Nowak,Gdansk
6626,Kasia Wozniak,Gdansk
6627,John Smith,Warsaw
6628,Kasia Wozniak,Poznan
6629,Jan Smith,gdansk
6630,Jan Smith,Poznan
6631,Marek Nowak,krakow
6632,Jan Kowalski,gdansk
6633,Anna Smith,Krakow
6634,Marek Zielinski,krakow
6635,Maria Kowalski,Poznan
6636,Piotr Smith,krakow
6637,Piotr Zielinski,Gdansk
6638,Jan Kowalski,Gdansk
6639,Maria Nowak,Krakow
6640,John Nowak,gdansk
6641,Jan Zielinski,Poznan
6642,Maria Smith,warsaw
6643,Marek Wozniak,krakow
6644,John Nowak,Krakow
6645,Piotr Kowalski,warsaw
6646,Piotr Nowak,Warsaw
6647,John Wozniak,Warsaw
6648,Piotr Wozniak,Poznan
6649,Jan Wozniak,gdansk
6650,Kasia Zielinski,warsaw
6651,Maria Wozniak,Poznan
6652,Piotr Nowak,Krakow
6653,Kasia Smith,warsaw
6654,John Zielinski,krakow
6655,Piotr Kowalski,Gdansk
6656,Jan Smith,Warsaw
6657,Anna Nowak,Poznan
6658,Piotr Zielinski,krakow
6659,Piotr Kowalski,Krakow
6660,Marek Wozniak,Gdansk
6661,Anna Wozniak,gdansk
6662,Piotr Wozniak,warsaw
6663,Piotr Zielinski,Poznan
6664,Marek Nowak,gdansk
6665,Piotr Smith,Gdansk
6666,Marek Zielinski,Warsaw
6667,Maria Nowak,gdansk
6668,John Kowalski,krakow
6669,Anna Nowak,warsaw
6670,Jan Nowak,Gdansk
6671,Jan Kowalski,Warsaw
6672,Marek Smith,Krakow
6673,Piotr Nowak,krakow
6674,Piotr Nowak,krakow
6675,Kasia Zielinski,Warsaw
6676,Maria Wozniak,gdansk
6677,Marek Wozniak,gdansk
6678,Jan Zielinski,Poznan
6679,Anna Kowalski,krakow
6680,Jan Nowak,Poznan
6681,Marek Smith,warsaw
6682,Jan Nowak,gdansk
6683,John Zielinski,Warsaw
6684,Anna Kowalski,krakow
6685,Anna Nowak,warsaw
6686,Marek Kowalski,warsaw
6687,Marek Kowalski,Gdansk
6688,Piotr Smith,krakow
6689,Marek Wozniak,Warsaw
6690,Maria Smith,krakow
6691,Anna Wozniak,Gdansk
6692,Anna Nowak,warsaw
6693,Maria Nowak,warsaw
6694,Jan Zielinski,krakow
6695,Anna Smith,gdansk
6696,Anna Zielinski,Krakow
6697,Maria Kowalski,krakow
6698,Jan Kowalski,Gdansk
6699,Anna Zielinski,Krakow
6700,Piotr Zielinski,Krakow
6701,Maria Wozniak,warsaw
6702,Marek Kowalski,Poznan
6703,Maria Smith,Krakow
6704,Jan Smith,Krakow
6705,Kasia Nowak,gdansk
6706,Piotr Wozniak,Warsaw
6707,Kasia Zielinski,gdansk
6708,John Zielinski,Poznan
6709,Kasia Kowalski,warsaw
6710,Anna Nowak,krakow
6711,Marek Nowak,gdansk
6712,Marek Kowalski,warsaw
6713,Marek Zielinski,gdansk
6714,John Smith,Poznan
6715,John Kowalski,Gdansk
6716,Marek Smith,Krakow
6717,Kasia Nowak,gdansk
6718,John Kowalski,Gdansk
6719,Marek Smith,warsaw
6720,Maria Nowak,Krakow
6721,Anna Kowalski,Poznan
6722,Jan Smith,warsaw
6723,Kasia Wozniak,gdansk
6724,Piotr Wozniak,krakow
6725,Maria Kowalski,krakow
6726,Kasia Zielinski,Gdansk
6727,Piotr Kowalski,Warsaw
6728,Maria Nowak,Warsaw
6729,Marek Nowak,Gdansk
6730,Anna Nowak,Krakow
6731,Anna Smith,krakow
6732,Kasia Zielinski,warsaw
6733,Anna Nowak,Krakow
6734,Jan Kowalski,krakow
6735,John Smith,Warsaw
6736,Piotr Wozniak,gdansk
6737,Anna Smith,Poznan
6738,Anna Nowak,Krakow
6739,Jan Smith,krakow
6740,Marek Kowalski,Warsaw
6741,John Nowak,krakow
6742,Jan Nowak,Warsaw
6743,Anna Kowalski,krakow
6744,Marek Zielinski,gdansk
6745,Maria Smith,Krakow
6746,Anna Zielinski,krakow
6747,Anna Kowalski,warsaw
6748,Anna Wozniak,gdansk
6749,Kasia Nowak,Warsaw
6750,Kasia Wozniak,Poznan
6751,Kasia Wozniak,warsaw
6752,Anna Zielinski,Warsaw
6753,John Nowak,Poznan
6754,Piotr Smith,gdansk
6755,Kasia Kowalski,Poznan
6756,Piotr Nowak,gdansk
6757,Piotr Kowalski,warsaw
6758,John Wozniak,Poznan
6759,Anna Nowak,Poznan
6760,Maria Wozniak,Gdansk
6761,John Wozniak,Poznan
6762,Jan Nowak,Krakow
6763,Piotr Nowak,Gdansk
6764,Piotr Wozniak,Poznan
6765,Kasia Zielinski,warsaw
6766,Piotr Smith,gdansk
6767,Maria Zielinski,warsaw
6768,Piotr Smith,krakow
6769,Jan Zielinski,krakow
6770,Piotr Wozniak,Krakow
6771,Marek Smith,warsaw
6772,Marek Wozniak,gdansk
6773,Maria Wozniak,Krakow
6774,Kasia Nowak,Gdansk
6775,Piotr Kowalski,Krakow
6776,Piotr Wozniak,krakow
6777,Marek Zielinski,Poznan
6778,John Kowalski,Warsaw
6779,Piotr Zielinski,Poznan
6780,John Kowalski,Gdansk
6781,Piotr Zielinski,gdansk
6782,Marek Kowalski,Poznan
6783,Marek Zielinski,warsaw
6784,Marek Kowalski,Poznan
6785,John Wozniak,Warsaw
6786,Marek Wozniak,Warsaw
6787,Maria Zielinski,Warsaw
6788,Maria Nowak,Gdansk
6789,Anna Smith,Gdansk
6790,John Kowalski,gdansk
6791,Jan Smith,krakow
6792,Anna Smith,gdansk
6793,Marek Smith,Gdansk
6794,Kasia Zielinski,gdansk
6795,Marek Wozniak,warsaw
6796,Maria Smith,gdansk
6797,Kasia Nowak,warsaw
6798,John Wozniak,warsaw
6799,Marek Kowalski,gdansk
6800,Anna Zielinski,Poznan
6801,Anna Wozniak,warsaw
6802,Anna Smith,warsaw
6803,Marek Wozniak,Krakow
6804,Marek Kowalski,Gdansk
6805,John Nowak,Poznan
6806,Jan Nowak,Warsaw
6807,Anna Smith,Warsaw
6808,Jan Kowalski,Poznan
6809,Marek Nowak,Warsaw
6810,Piotr Wozniak,Warsaw
6811,Kasia Smith,gdansk
6812,Kasia Nowak,gdansk
6813,Maria Smith,Krakow
6814,Kasia Smith,warsaw
6815,Piotr Wozniak,Gdansk
6816,Maria Wozniak,gdansk
6817,Maria Zielinski,Warsaw
6818,John Wozniak,Warsaw
6819,Kasia Smith,Krakow
6820,Anna Smith,gdansk
6821,Kasia Wozniak,Poznan
6822,Maria Nowak,krakow
6823,John Zielinski,Gdansk
6824,Piotr Wozniak,Warsaw
6825,Kasia Nowak,krakow
6826,Marek Nowak,krakow
6827,Piotr Zielinski,Warsaw
6828,Anna Kowalski,gdansk
6829,Marek Nowak,krakow
6830,Kasia Smith,warsaw
6831,Maria Wozniak,Warsaw
6832,Piotr Smith,Gdansk
6833,Marek Wozniak,warsaw
6834,Maria Wozniak,Warsaw
6835,Anna Kowalski,Gdansk
6836,Marek Nowak,Gdansk
6837,Kasia Nowak,Gdansk
6838,Jan Wozniak,Krakow
6839,John Zielinski,krakow
6840,Marek Zielinski,gdansk
6841,John Nowak,Krakow
6842,Maria Nowak,gdansk
6843,Maria Wozniak,warsaw
6844,Kasia Smith,Poznan
6845,Jan Nowak,Krakow
6846,Maria Smith,krakow
6847,Anna Kowalski,Poznan
6848,Anna Kowalski,krakow
6849,Kasia Kowalski,Warsaw
6850,Kasia Kowalski,Poznan
6851,Kasia Nowak,Krakow
6852,Jan Kowalski,Krakow
6853,Marek Zielinski,Poznan
6854,Kasia Kowalski,gdansk
6855,Kasia Nowak,Warsaw
6856,Jan Kowalski,warsaw
6857,John Zielinski,Gdansk
6858,Anna Wozniak,krakow
6859,Piotr Wozniak,Warsaw
6860,John Zielinski,gdansk
6861,Piotr Zielinski,Warsaw
6862,Kasia Wozniak,Warsaw
6863,Piotr Wozniak,Gdansk
6864,John Wozniak,Warsaw
6865,Anna Nowak,Krakow
6866,John Smith,krakow
6867,Kasia Zielinski,warsaw
6868,Jan Nowak,Warsaw
6869,Jan Nowak,Gdansk
6870,Jan Kowalski,krakow
6871,John Zielinski,Krakow
6872,Maria Smith,krakow
6873,Anna Kowalski,Gdansk
6874,Kasia Nowak,Gdansk
6875,Anna Kowalski,warsaw
6876,Jan Smith,warsaw
6877,John Wozniak,Warsaw
6878,Piotr Nowak,Gdansk
6879,Marek Nowak,Warsaw
6880,Maria Smith,Gdansk
6881,Maria Nowak,Krakow
6882,Marek Kowalski,Krakow
6883,Jan Wozniak,Poznan
6884,Jan Kowalski,gdansk
6885,Kasia Wozniak,krakow
6886,Jan Nowak,warsaw
6887,Kasia Zielinski,gdansk
6888,John Zielinski,Poznan
6889,Marek Nowak,warsaw
6890,John Kowalski,Poznan
6891,Maria Kowalski,Poznan
6892,Marek Nowak,krakow
6893,Maria Nowak,Gdansk
6894,Jan Kowalski,gdansk
6895,Marek Wozniak,Poznan
6896,John Smith,warsaw
6897,Marek Smith,krakow
6898,Anna Wozniak,Warsaw
6899,Marek Smith,Poznan
6900,Kasia Nowak,warsaw
6901,John Smith,krakow
6902,Kasia Zielinski,Poznan
6903,Marek Kowalski,gdansk
6904,Jan Wozniak,Gdansk
6905,Marek Zielinski,krakow
6906,John Kowalski,warsaw
6907,Maria Zielinski,Krakow
6908,Kasia Nowak,krakow
6909,Maria Nowak,krakow
6910,Anna Zielinski,Warsaw
6911,John Kowalski,Poznan
6912,John Nowak,Krakow
6913,Piotr Wozniak,Krakow
6914,Kasia Smith,Krakow
6915,Marek Zielinski,Gdansk
6916,Piotr Smith,Poznan
6917,Kasia Zielinski,krakow
6918,Kasia Zielinski,gdansk
6919,Maria Zielinski,Gdansk
6920,John Zielinski,warsaw
6921,Kasia Smith,Warsaw
6922,John Wozniak,Krakow
6923,Maria Zielinski,Gdansk
6924,John Nowak,Krakow
6925,John Smith,Krakow
6926,Marek Smith,Gdansk
6927,Maria Kowalski,Krakow
6928,Piotr Kowalski,Gdansk
6929,Jan Smith,Krakow
6930,Jan Smith,Gdansk
6931,John Wozniak,Krakow
6932,Piotr Zielinski,krakow
6933,John Kowalski,Poznan
6934,Maria Kowalski,Poznan
6935,Marek Smith,warsaw
6936,John Smith,gdansk
6937,Maria Zielinski,Krakow
6938,Jan Wozniak,Gdansk
6939,Maria Kowalski,Warsaw
6940,John Smith,gdansk
6941,Jan Kowalski,Gdansk
6942,Marek Smith,warsaw
6943,John Wozniak,Krakow
6944,Jan Wozniak,krakow
6945,John Smith,Gdansk
6946,Kasia Zielinski,Krakow
6947,Jan Smith,Gdansk
6948,Anna Smith,Warsaw
6949,Kasia Zielinski,krakow
6950,Anna Nowak,warsaw
6951,Marek Smith,krakow
6952,Kasia Zielinski,Gdansk
6953,Marek Smith,Gdansk
6954,Maria Wozniak,warsaw
6955,Piotr Nowak,krakow
6956,John Wozniak,Gdansk
6957,Anna Wozniak,krakow
6958,Kasia Smith,Warsaw
6959,Jan Kowalski,Warsaw
6960,Piotr Nowak,Warsaw
6961,Marek Nowak,Krakow
6962,Anna Zielinski,Gdansk
6963,Piotr Kowalski,Poznan
6964,Anna Wozniak,warsaw
6965,Anna Zielinski,Warsaw
6966,Anna Nowak,Krakow
6967,Maria Smith,Krakow
6968,Kasia Kowalski,warsaw
6969,Jan Zielinski,Gdansk
6970,Maria Smith,Gdansk
6971,Piotr Kowalski,warsaw
6972,Anna Zielinski,Gdansk
6973,Piotr Kowalski,warsaw
6974,Marek Wozniak,warsaw
6975,Maria Zielinski,Warsaw
6976,Jan Nowak,Gdansk
6977,John Zielinski,Krakow
6978,Marek Wozniak,Warsaw
6979,Anna Kowalski,Poznan
6980,Kasia Kowalski,warsaw
6981,Kasia Zielinski,warsaw
6982,Jan Kowalski,Krakow
6983,Anna Nowak,warsaw
6984,John Smith,krakow
6985,Maria Zielinski,Poznan
6986,Kasia Wozniak,warsaw
6987,Jan Nowak,Poznan
6988,Anna Wozniak,gdansk
6989,Kasia Wozniak,warsaw
6990,John Wozniak,Poznan
6991,Maria Wozniak,Warsaw
6992,Maria Smith,warsaw
6993,John Wozniak,krakow
6994,Marek Zielinski,Krakow
6995,Piotr Nowak,krakow
6996,Maria Zielinski,krakow
6997,Marek Wozniak,Gdansk
6998,Jan Smith,warsaw
6999,John Nowak,Gdansk
7000,Marek Wozniak,warsaw
7001,Marek Wozniak,warsaw
7002,Jan Smith,Krakow
7003,Kasia Smith,warsaw
7004,John Smith,warsaw
7005,Kasia Zielinski,krakow
7006,Anna Zielinski,warsaw
7007,John Nowak,krakow
7008,John Nowak,krakow
7009,Maria Smith,Krakow
7010,Kasia Nowak,krakow
7011,Kasia Wozniak,krakow
7012,Anna Wozniak,Krakow
7013,Piotr Kowalski,Krakow
7014,Piotr Smith,krakow
7015,Jan Kowalski,warsaw
7016,Marek Zielinski,gdansk
7017,Maria Zielinski,Gdansk
7018,Marek Kowalski,Poznan
7019,Anna Wozniak,Krakow
7020,Anna Kowalski,Warsaw
7021,John Kowalski,Warsaw
7022,Maria Zielinski,Warsaw
7023,Piotr Nowak,Gdansk
7024,Piotr Wozniak,warsaw
7025,Piotr Kowalski,Poznan
7026,Kasia Smith,Poznan
7027,Jan Kowalski,krakow
7028,Piotr Kowalski,Gdansk
7029,Anna Kowalski,Poznan
7030,Anna Zielinski,Warsaw
7031,Maria Kowalski,Krakow
7032,Maria Wozniak,krakow
7033,Jan Kowalski,Warsaw
7034,Marek Kowalski,Gdansk
7035,John Nowak,Warsaw
7036,Marek Nowak,Krakow
7037,Marek Kowalski,Gdansk
7038,Anna Wozniak,Gdansk
7039,Marek Smith,gdansk
7040,Jan Kowalski,Gdansk
7041,Jan Kowalski,Poznan
7042,Anna Smith,Poznan
7043,Jan Smith,Gdansk
7044,Marek Nowak,Gdansk
7045,Maria Nowak,krakow
7046,Jan Kowalski,Warsaw
7047,Kasia Kowalski,Poznan
7048,Jan Kowalski,Poznan
7049,Maria Smith,Gdansk
7050,Marek Smith,krakow
7051,Jan Wozniak,warsaw
7052,John Nowak,gdansk
7053,Jan Kowalski,gdansk
7054,Maria Nowak,Warsaw
7055,Kasia Kowalski,Warsaw
7056,Piotr Wozniak,Gdansk
7057,Marek Wozniak,gdansk
7058,Marek Wozniak,Gdansk
7059,Maria Wozniak,Gdansk
7060,Kasia Zielinski,Krakow
7061,Marek Zielinski,Gdansk
7062,John Wozniak,Poznan
7063,Piotr Zielinski,krakow
7064,Jan Zielinski,Poznan
7065,Kasia Kowalski,Poznan
7066,Anna Kowalski,Warsaw
7067,Maria Smith,Poznan
7068,Piotr Nowak,Gdansk
7069,Kasia Wozniak,krakow
7070,Piotr Smith,Warsaw
7071,Piotr Wozniak,warsaw
7072,Marek Nowak,warsaw
7073,Kasia Kowalski,krakow
7074,Marek Zielinski,Poznan
7075,Marek Kowalski,gdansk
7076,Marek Smith,krakow
7077,Jan Kowalski,Warsaw
7078,Jan Wozniak,Krakow
7079,Kasia Wozniak,krakow
7080,John Wozniak,Krakow
7081,Jan Wozniak,warsaw
7082,Kasia Nowak,warsaw
7083,Jan Nowak,Krakow
7084,Piotr Nowak,Krakow
7085,Kasia Wozniak,gdansk
7086,Marek Wozniak,Warsaw
7087,Maria Smith,Krakow
7088,Marek Zielinski,Gdansk
7089,Kasia Nowak,Poznan
7090,Marek Wozniak,Warsaw
7091,Piotr Smith,warsaw
7092,Piotr Zielinski,warsaw
7093,Anna Nowak,warsaw
7094,John Zielinski,Krakow
7095,Anna Nowak,Gdansk
7096,Jan Zielinski,Krakow
7097,Anna Wozniak,krakow
7098,Piotr Zielinski,krakow
7099,Piotr Zielinski,Krakow
7100,Piotr Smith,Warsaw
7101,Marek Zielinski,Gdansk
7102,Anna Wozniak,Poznan
7103,Kasia Wozniak,Poznan
7104,Maria Nowak,gdansk
7105,Marek Zielinski,gdansk
7106,John Zielinski,Gdansk
7107,Anna Kowalski,Poznan
7108,Kasia Smith,gdansk
7109,John Wozniak,gdansk
7110,John Smith,warsaw
7111,Jan Kowalski,Warsaw
7112,Maria Wozniak,Krakow
7113,Kasia Kowalski,Warsaw
7114,Anna Smith,Warsaw
7115,Jan Kowalski,krakow
7116,Maria Kowalski,krakow
7117,Marek Kowalski,krakow
7118,Maria Zielinski,Krakow
7119,Jan Nowak,Warsaw
7120,Jan Nowak,Krakow
7121,John Wozniak,Poznan
7122,Anna Kowalski,krakow
7123,Jan Wozniak,Warsaw
7124,Anna Wozniak,Poznan
7125,Piotr Zielinski,gdansk
7126,Piotr Wozniak,Krakow
7127,Maria Zielinski,Gdansk
7128,Marek Smith,gdansk
7129,John Smith,Gdansk
7130,Jan Zielinski,Gdansk
7131,John Smith,Poznan
7132,Maria Kowalski,warsaw
7133,Marek Nowak,krakow
7134,Kasia Smith,Krakow
7135,Maria Smith,krakow
7136,John Wozniak,Warsaw
7137,Maria Smith,Poznan
7138,Marek Smith,Warsaw
7139,Marek Kowalski,Gdansk
7140,Jan Kowalski,warsaw
7141,Kasia Kowalski,Warsaw
7142,John Zielinski,Gdansk
7143,Piotr Wozniak,gdansk
7144,Kasia Wozniak,Gdansk
7145,Piotr Smith,Warsaw
7146,Jan Kowalski,Gdansk
7147,Kasia Nowak,Poznan
7148,Piotr Nowak,krakow
7149,Kasia Wozniak,warsaw
7150,Kasia Wozniak,Warsaw
7151,Piotr Smith,Warsaw
7152,Piotr Kowalski,krakow
7153,Kasia Wozniak,Gdansk
7154,Jan Wozniak,krakow
7155,Marek Kowalski,Krakow
7156,Jan Zielinski,Poznan
7157,Jan Smith,warsaw
7158,Maria Smith,Gdansk
7159,Kasia Nowak,Warsaw
7160,Anna Nowak,Poznan
7161,John Nowak,warsaw
7162,Maria Wozniak,krakow
7163,Anna Kowalski,Warsaw
7164,Anna Wozniak,warsaw
7165,Anna Kowalski,Krakow
7166,Marek Smith,gdansk
7167,John Smith,gdansk
7168,Maria Nowak,Warsaw
7169,Jan Smith,Krakow
7170,Anna Nowak,Gdansk
7171,Anna Nowak,Gdansk
7172,Anna Kowalski,Poznan
7173,Jan Wozniak,Poznan
7174,Kasia Nowak,Krakow
7175,Maria Smith,Gdansk
7176,Marek Zielinski,Warsaw
7177,Marek Zielinski,Krakow
7178,Jan Nowak,krakow
7179,Maria Smith,warsaw
7180,John Zielinski,Warsaw
7181,Kasia Zielinski,warsaw
7182,John Smith,Warsaw
7183,Kasia Smith,gdansk
7184,Jan Wozniak,Poznan
7185,Kasia Smith,Gdansk
7186,Piotr Smith,gdansk
7187,John Wozniak,krakow
7188,Marek Kowalski,Poznan
7189,Marek Smith,gdansk
7190,Piotr Kowalski,warsaw
7191,Kasia Kowalski,gdansk
7192,Jan Nowak,Warsaw
7193,Anna Zielinski,Warsaw
7194,Jan Nowak,krakow
7195,Jan Kowalski,gdansk
7196,Anna Smith,Poznan
7197,Piotr Smith,Gdansk
7198,Jan Wozniak,krakow
7199,Kasia Nowak,gdansk
7200,John Zielinski,gdansk
7201,Maria Smith,gdansk
7202,Jan Wozniak,gdansk
7203,Anna Smith,warsaw
7204,Kasia Kowalski,Krakow
7205,Anna Nowak,Warsaw
7206,Marek Smith,krakow
7207,Jan Wozniak,krakow
7208,John Wozniak,Poznan
7209,John Smith,krakow
7210,Jan Smith,gdansk
7211,John Wozniak,gdansk
7212,Piotr Zielinski,Poznan
7213,John Kowalski,Warsaw
7214,Marek Kowalski,Krakow
7215,Kasia Nowak,krakow
7216,Piotr Kowalski,Warsaw
7217,Jan Kowalski,Gdansk
7218,Maria Wozniak,Krakow
7219,Jan Kowalski,krakow
7220,Anna Nowak,gdansk
7221,Piotr Smith,Poznan
7222,Maria Smith,Krakow
7223,Anna Nowak,krakow
7224,Marek Zielinski,warsaw
7225,Jan Kowalski,Krakow
7226,John Zielinski,Krakow
7227,Maria Wozniak,Gdansk
7228,Maria Zielinski,Gdansk
7229,Jan Wozniak,Poznan
7230,John Nowak,krakow
7231,John Zielinski,Gdansk
7232,Piotr Zielinski,Poznan
7233,Kasia Nowak,Krakow
7234,Piotr Nowak,krakow
7235,Maria Nowak,krakow
7236,Marek Wozniak,krakow
7237,Maria Zielinski,warsaw
7238,Piotr Zielinski,warsaw
7239,Kasia Smith,Krakow
7240,John Nowak,Poznan
7241,Jan Zielinski,Krakow
7242,Kasia Smith,Warsaw
7243,Maria Kowalski,Warsaw
7244,Jan Wozniak,warsaw
7245,Kasia Nowak,krakow
7246,Anna Nowak,Poznan
7247,Marek Smith,Gdansk
7248,Marek Zielinski,krakow
7249,Anna Zielinski,Poznan
7250,John Smith,Poznan
7251,Maria Nowak,krakow
7252,Maria Kowalski,Gdansk
7253,John Zielinski,Krakow
7254,Marek Nowak,Poznan
7255,Jan Wozniak,Gdansk
7256,John Smith,warsaw
7257,Maria Kowalski,Warsaw
7258,John Wozniak,Warsaw
7259,Piotr Kowalski,krakow
7260,Anna Nowak,warsaw
7261,John Smith,warsaw
7262,John Smith,gdansk
7263,Piotr Wozniak,warsaw
7264,Kasia Kowalski,gdansk
7265,Jan Smith,Warsaw
7266,Marek Smith,Krakow
7267,Maria Zielinski,gdansk
7268,Anna Nowak,warsaw
7269,Marek Nowak,Poznan
7270,Anna Kowalski,Warsaw
7271,Marek Smith,warsaw
7272,Anna Wozniak,Krakow
7273,Anna Zielinski,Poznan
7274,Marek Zielinski,krakow
7275,Maria Nowak,krakow
7276,John Zielinski,Krakow
7277,Marek Nowak,Krakow
7278,Marek Nowak,Krakow
7279,Jan Wozniak,Poznan
7280,Jan Zielinski,Krakow
7281,John Nowak,Gdansk
7282,Marek Nowak,Warsaw
7283,Jan Kowalski,Krakow
7284,Jan Zielinski,Poznan
7285,John Zielinski,warsaw
7286,Kasia Smith,Warsaw
7287,Piotr Wozniak,Poznan
7288,Marek Wozniak,Warsaw
7289,Marek Zielinski,Poznan
7290,Marek Wozniak,warsaw
7291,Jan Kowalski,Gdansk
7292,John Wozniak,Poznan
7293,Maria Nowak,gdansk
7294,Jan Wozniak,Gdansk
7295,Marek Wozniak,krakow
7296,Piotr Smith,warsaw
7297,Anna Nowak,krakow
7298,Jan Nowak,Gdansk
7299,Piotr Nowak,gdansk
7300,Piotr Smith,krakow
7301,John Nowak,Krakow
7302,Marek Wozniak,Warsaw
7303,Jan Nowak,Gdansk
7304,Maria Zielinski,Poznan
7305,Anna Zielinski,warsaw
7306,Kasia Wozniak,Gdansk
7307,Maria Smith,Warsaw
7308,Maria Nowak,Poznan
7309,Marek Smith,warsaw
7310,Piotr Zielinski,Poznan
7311,Kasia Smith,Warsaw
7312,Marek Nowak,Warsaw
7313,Piotr Kowalski,gdansk
7314,Piotr Wozniak,warsaw
7315,Piotr Smith,Poznan
7316,Kasia Nowak,Gdansk
7317,Piotr Nowak,krakow
7318,Piotr Smith,krakow
7319,Anna Nowak,Krakow
7320,Piotr Kowalski,gdansk
7321,Anna Kowalski,Gdansk
7322,Maria Zielinski,Poznan
7323,Anna Smith,Warsaw
7324,Anna Smith,Poznan
7325,Piotr Smith,Warsaw
7326,Jan Zielinski,warsaw
7327,Maria Nowak,warsaw
7328,Anna Smith,Krakow
7329,Marek Zielinski,Poznan
7330,Maria Nowak,Poznan
7331,John Zielinski,Gdansk
7332,Marek Zielinski,Krakow
7333,Maria Smith,Warsaw
7334,Kasia Nowak,Krakow
7335,Kasia Nowak,gdansk
7336,Piotr Smith,gdansk
7337,Anna Kowalski,Warsaw
7338,Anna Zielinski,Warsaw
7339,Anna Wozniak,Warsaw
7340,Kasia Smith,krakow
7341,Maria Nowak,Krakow
7342,Jan Zielinski,Gdansk
7343,Marek Kowalski,Warsaw
7344,Piotr Kowalski,warsaw
7345,John Zielinski,gdansk
7346,Marek Nowak,gdansk
7347,Marek Nowak,krakow
7348,Jan Kowalski,warsaw
7349,John Zielinski,warsaw
7350,Kasia Nowak,gdansk
7351,Maria Smith,Gdansk
7352,Marek Kowalski,krakow
7353,Maria Kowalski,Warsaw
7354,Kasia Kowalski,Gdansk
7355,John Wozniak,warsaw
7356,Marek Zielinski,Krakow
7357,Piotr Kowalski,krakow
7358,Maria Wozniak,Gdansk
7359,Piotr Smith,warsaw
7360,Maria Nowak,gdansk
7361,Kasia Smith,gdansk
7362,Maria Wozniak,Warsaw
7363,Anna Wozniak,Gdansk
7364,Jan Smith,gdansk
7365,Jan Zielinski,warsaw
7366,Marek Zielinski,Warsaw
7367,John Kowalski,warsaw
7368,John Nowak,warsaw
7369,Jan Nowak,gdansk
7370,Anna Wozniak,warsaw
7371,Jan Smith,Warsaw
7372,Maria Nowak,gdansk
7373,Jan Nowak,Poznan
7374,John Nowak,krakow
7375,Anna Smith,warsaw
7376,Kasia Kowalski,warsaw
7377,John Nowak,Poznan
7378,Piotr Smith,krakow
7379,Kasia Zielinski,gdansk
7380,Piotr Wozniak,gdansk
7381,Jan Kowalski,warsaw
7382,Kasia Smith,warsaw
7383,Marek Kowalski,krakow
7384,Kasia Smith,krakow
7385,Anna Smith,Warsaw
7386,Kasia Wozniak,warsaw
7387,Anna Nowak,gdansk
7388,Kasia Zielinski,Krakow
7389,Jan Wozniak,Warsaw
7390,Piotr Kowalski,Krakow
7391,Piotr Kowalski,krakow
7392,Marek Nowak,krakow
7393,Marek Zielinski,Warsaw
7394,Maria Wozniak,Krakow
7395,Piotr Kowalski,krakow
7396,Jan Smith,Poznan
7397,Kasia Wozniak,Krakow
7398,Jan Wozniak,warsaw
7399,Kasia Kowalski,Warsaw
7400,Marek Kowalski,gdansk
7401,Kasia Wozniak,warsaw
7402,Maria Zielinski,gdansk
7403,Jan Nowak,Krakow
7404,John Smith,Gdansk
7405,Piotr Nowak,Krakow
7406,Marek Zielinski,Poznan
7407,Piotr Wozniak,Warsaw
7408,Anna Zielinski,Warsaw
7409,Jan Smith,Krakow
7410,Marek Kowalski,Poznan
7411,John Zielinski,Poznan
7412,Maria Zielinski,Poznan
7413,Maria Kowalski,gdansk
7414,Kasia Zielinski,Warsaw
7415,Jan Nowak,Krakow
7416,Marek Zielinski,krakow
7417,Maria Smith,Warsaw
7418,Kasia Kowalski,warsaw
7419,Anna Smith,gdansk
7420,Marek Wozniak,Krakow
7421,John Smith,Gdansk
7422,Jan Wozniak,gdansk
7423,Marek Zielinski,Gdansk
7424,Maria Smith,Warsaw
7425,Kasia Wozniak,Gdansk
7426,Jan Kowalski,Krakow
7427,Anna Smith,Krakow
7428,Kasia Kowalski,Gdansk
7429,Piotr Wozniak,warsaw
7430,Kasia Zielinski,Warsaw
7431,John Nowak,Warsaw
7432,Maria Kowalski,warsaw
7433,Kasia Nowak,warsaw
7434,Kasia Wozniak,Gdansk
7435,John Nowak,Warsaw
7436,John Zielinski,krakow
7437,John Kowalski,warsaw
7438,John Kowalski,warsaw
7439,Piotr Nowak,Warsaw
7440,Piotr Nowak,Gdansk
7441,Kasia Nowak,Krakow
7442,John Zielinski,krakow
7443,Jan Nowak,Krakow
7444,Jan Zielinski,Warsaw
7445,Anna Smith,Poznan
7446,Maria Zielinski,gdansk
7447,John Kowalski,Warsaw
7448,Kasia Smith,Gdansk
7449,Jan Nowak,Poznan
7450,Kasia Kowalski,Poznan
7451,Kasia Smith,Warsaw
7452,Anna Zielinski,Gdansk
7453,Jan Zielinski,Krakow
7454,Anna Wozniak,gdansk
7455,Piotr Smith,Poznan
7456,Kasia Zielinski,gdansk
7457,Jan Nowak,gdansk
7458,Anna Zielinski,Warsaw
7459,John Smith,warsaw
7460,Jan Kowalski,warsaw
7461,John Nowak,gdansk
7462,Jan Kowalski,Poznan
7463,Jan Kowalski,warsaw
7464,Piotr Wozniak,Warsaw
7465,John Wozniak,warsaw
7466,Maria Kowalski,Warsaw
7467,Anna Kowalski,Krakow
7468,John Smith,Poznan
7469,John Wozniak,warsaw
7470,John Nowak,Poznan
7471,Jan Wozniak,krakow
7472,Anna Kowalski,Krakow
7473,Anna Zielinski,warsaw
7474,John Wozniak,Warsaw
7475,Anna Kowalski,warsaw
7476,Anna Kowalski,krakow
7477,Anna Wozniak,warsaw
7478,John Kowalski,Krakow
7479,John Zielinski,gdansk
7480,Maria Zielinski,Gdansk
7481,Maria Smith,krakow
7482,Jan Zielinski,Gdansk
7483,John Zielinski,warsaw
7484,Kasia Wozniak,warsaw
7485,Maria Wozniak,Krakow
7486,Piotr Smith,Gdansk
7487,Jan Nowak,warsaw
7488,Kasia Smith,krakow
7489,Marek Zielinski,krakow
7490,Anna Zielinski,Warsaw
7491,Marek Kowalski,Warsaw
7492,Jan Zielinski,Poznan
7493,Anna Zielinski,krakow
7494,Kasia Zielinski,gdansk
7495,John Kowalski,Warsaw
7496,Maria Kowalski,Gdansk
7497,Jan Kowalski,warsaw
7498,Anna Zielinski,Poznan
7499,Maria Zielinski,Warsaw
7500,Jan Zielinski,Gdansk
7501,Anna Smith,Gdansk
7502,Maria Nowak,Krakow
7503,Piotr Smith,Gdansk
7504,Jan Kowalski,Warsaw
7505,Kasia Wozniak,Poznan
7506,Marek Kowalski,warsaw
7507,Marek Kowalski,gdansk
7508,John Nowak,Gdansk
7509,Jan Zielinski,krakow
7510,Anna Wozniak,gdansk
7511,John Zielinski,Warsaw
7512,John Smith,krakow
7513,Jan Smith,Poznan
7514,Piotr Nowak,Warsaw
7515,Marek Nowak,Poznan
7516,Anna Nowak,Poznan
7517,Marek Nowak,Warsaw
7518,Piotr Kowalski,Poznan
7519,John Zielinski,Warsaw
7520,Anna Kowalski,krakow
7521,Marek Nowak,krakow
7522,Marek Zielinski,gdansk
7523,Piotr Nowak,Poznan
7524,John Zielinski,Warsaw
7525,John Kowalski,Krakow
7526,Piotr Wozniak,gdansk
7527,Anna Zielinski,gdansk
7528,Piotr Smith,Krakow
7529,Jan Nowak,Gdansk
7530,Marek Kowalski,Gdansk
7531,John Zielinski,Gdansk
7532,Kasia Smith,krakow
7533,Maria Nowak,warsaw
7534,Jan Smith,Gdansk
7535,Maria Nowak,Krakow
7536,Kasia Wozniak,Warsaw
7537,Maria Wozniak,krakow
7538,Anna Nowak,Gdansk
7539,Anna Nowak,gdansk
7540,Piotr Kowalski,krakow
7541,Piotr Smith,Warsaw
7542,Piotr Zielinski,Krakow
7543,Maria Kowalski,krakow
7544,Kasia Zielinski,Warsaw
7545,Jan Wozniak,warsaw
7546,Marek Smith,Gdansk
7547,Jan Smith,Krakow
7548,John Nowak,Krakow
7549,Piotr Kowalski,Poznan
7550,Maria Wozniak,gdansk
7551,Anna Zielinski,gdansk
7552,Anna Wozniak,Warsaw
7553,Kasia Kowalski,warsaw
7554,Kasia Zielinski,Poznan
7555,Maria Zielinski,krakow
7556,Maria Smith,Poznan
7557,Anna Zielinski,Poznan
7558,John Zielinski,warsaw
7559,Jan Nowak,Warsaw
7560,Piotr Nowak,Warsaw
7561,Marek Wozniak,Krakow
7562,Marek Zielinski,Warsaw
7563,Maria Zielinski,gdansk
7564,Anna Smith,gdansk
7565,John Smith,Poznan
7566,John Kowalski,Gdansk
7567,Kasia Wozniak,warsaw
7568,Maria Kowalski,krakow
7569,John Kowalski,Gdansk
7570,John Nowak,krakow
7571,Piotr Kowalski,warsaw
7572,John Nowak,warsaw
7573,John Wozniak,Gdansk
7574,John Smith,gdansk
7575,Jan Zielinski,Gdansk
7576,John Smith,krakow
7577,Piotr Kowalski,Warsaw
7578,Jan Wozniak,Poznan
7579,John Kowalski,Krakow
7580,John Zielinski,krakow
7581,Jan Nowak,Krakow
7582,Marek Smith,Warsaw
7583,Kasia Nowak,Poznan
7584,Kasia Smith,gdansk
7585,Kasia Kowalski,Krakow
7586,Marek Smith,Poznan
7587,Piotr Nowak,warsaw
7588,Kasia Kowalski,gdansk
7589,John Smith,Krakow
7590,Maria Kowalski,Krakow
7591,Jan Nowak,gdansk
7592,Anna Wozniak,krakow
7593,Piotr Wozniak,Poznan
7594,Piotr Smith,Gdansk
7595,Maria Zielinski,Gdansk
7596,Anna Kowalski,gdansk
7597,Anna Smith,warsaw
7598,Maria Zielinski,Gdansk
7599,Jan Smith,Krakow
7600,John Kowalski,krakow
7601,Maria Nowak,gdansk
7602,John Smith,Warsaw
7603,Piotr Nowak,Poznan
7604,Piotr Kowalski,warsaw
7605,Jan Kowalski,Poznan
7606,Marek Smith,warsaw
7607,Marek Zielinski,Krakow
7608,Maria Smith,gdansk
7609,Anna Wozniak,gdansk
7610,Jan Kowalski,Poznan
7611,Anna Nowak,Warsaw
7612,John Zielinski,krakow
7613,Maria Wozniak,gdansk
7614,Marek Nowak,Gdansk
7615,Anna Zielinski,warsaw
7616,Jan Zielinski,Warsaw
7617,John Kowalski,krakow
7618,Jan Kowalski,krakow
7619,John Smith,warsaw
7620,Anna Wozniak,Poznan
7621,Anna Nowak,Warsaw
7622,Marek Zielinski,Poznan
7623,Maria Wozniak,Poznan
7624,Piotr Wozniak,Warsaw
7625,Kasia Zielinski,Poznan
7626,Kasia Zielinski,gdansk
7627,Marek Zielinski,Warsaw
7628,Anna Kowalski,warsaw
7629,Marek Nowak,Poznan
7630,Anna Zielinski,Warsaw
7631,Piotr Wozniak,Warsaw
7632,Maria Kowalski,Poznan
7633,Maria Zielinski,Warsaw
7634,Jan Wozniak,Krakow
7635,Kasia Wozniak,Krakow
7636,John Smith,Poznan
7637,Maria Nowak,gdansk
7638,Kasia Nowak,Gdansk
7639,John Kowalski,krakow
7640,Piotr Zielinski,Poznan
7641,Piotr Kowalski,Warsaw
7642,Anna Smith,Gdansk
7643,Anna Nowak,Poznan
7644,Maria Zielinski,Krakow
7645,Anna Zielinski,Krakow
7646,Jan Kowalski,krakow
7647,Maria Wozniak,Krakow
7648,Marek Nowak,Gdansk
7649,Jan Wozniak,warsaw
7650,Jan Kowalski,warsaw
7651,Maria Zielinski,Gdansk
7652,Jan Nowak,warsaw
7653,Kasia Smith,Krakow
7654,Piotr Wozniak,Warsaw
7655,Anna Smith,Warsaw
7656,John Smith,warsaw
7657,Maria Zielinski,krakow
7658,John Nowak,Poznan
7659,Piotr Nowak,Poznan
7660,Marek Smith,warsaw
7661,Kasia Wozniak,krakow
7662,Kasia Nowak,Gdansk
7663,John Nowak,Warsaw
7664,John Kowalski,krakow
7665,Marek Nowak,Warsaw
7666,Jan Nowak,Gdansk
7667,Jan Smith,krakow
7668,Kasia Zielinski,Warsaw
7669,Marek Nowak,krakow
7670,Jan Wozniak,Warsaw
7671,Piotr Kowalski,Warsaw
7672,Jan Kowalski,Krakow
7673,Piotr Smith,Warsaw
7674,Marek Wozniak,Gdansk
7675,Maria Kowalski,krakow
7676,Maria Nowak,krakow
7677,John Wozniak,krakow
7678,Marek Zielinski,gdansk
7679,Jan Zielinski,warsaw
7680,Maria Smith,Krakow
7681,John Nowak,Warsaw
7682,Jan Smith,Gdansk
7683,Anna Zielinski,krakow
7684,Marek Kowalski,Krakow
7685,Piotr Kowalski,krakow
7686,Marek Zielinski,gdansk
7687,Maria Kowalski,krakow
7688,Anna Kowalski,warsaw
7689,John Smith,Gdansk
7690,John Nowak,Warsaw
7691,Anna Smith,krakow
7692,John Nowak,Gdansk
7693,Marek Nowak,Gdansk
7694,Piotr Zielinski,Gdansk
7695,John Nowak,Poznan
7696,Piotr Smith,Gdansk
7697,Jan Nowak,gdansk
7698,Kasia Smith,Gdansk
7699,Marek Kowalski,krakow
7700,Marek Zielinski,gdansk
7701,Maria Zielinski,gdansk
7702,Kasia Zielinski,Gdansk
7703,Marek Wozniak,Poznan
7704,Marek Smith,Poznan
7705,Maria Zielinski,Poznan
7706,Maria Wozniak,Warsaw
7707,Maria Smith,warsaw
7708,Maria Smith,Gdansk
7709,Kasia Zielinski,warsaw
7710,Jan Smith,Gdansk
7711,Anna Smith,Warsaw
7712,Marek Zielinski,Krakow
7713,Maria Zielinski,Poznan
7714,Marek Kowalski,warsaw
7715,Jan Nowak,warsaw
7716,Marek Kowalski,Krakow
7717,Marek Kowalski,Poznan
7718,Kasia Wozniak,Gdansk
7719,Maria Nowak,krakow
7720,Maria Nowak,Gdansk
7721,Kasia Kowalski,krakow
7722,John Nowak,krakow
7723,Marek Wozniak,Warsaw
7724,John Wozniak,warsaw
7725,John Kowalski,Krakow
7726,Maria Kowalski,Gdansk
7727,Maria Kowalski,Krakow
7728,John Zielinski,Krakow
7729,John Kowalski,Gdansk
7730,Jan Zielinski,Poznan
7731,Anna Smith,Poznan
7732,Anna Smith,krakow
7733,John Nowak,warsaw
7734,John Zielinski,Gdansk
7735,Kasia Smith,Warsaw
7736,Maria Kowalski,krakow
7737,Maria Smith,Gdansk
7738,John Kowalski,krakow
7739,John Smith,Warsaw
7740,Marek Zielinski,krakow
7741,Maria Wozniak,Krakow
7742,Kasia Nowak,Poznan
7743,Jan Nowak,Gdansk
7744,Kasia Wozniak,Warsaw
7745,John Kowalski,Poznan
7746,Jan Zielinski,Krakow
7747,Maria Smith,Poznan
7748,Anna Smith,Poznan
7749,Jan Smith,krakow
7750,Maria Kowalski,warsaw
7751,Maria Smith,Poznan
7752,Maria Smith,gdansk
7753,Anna Nowak,Poznan
7754,Jan Wozniak,Poznan
7755,Jan Nowak,Warsaw
7756,John Zielinski,krakow
7757,Maria Wozniak,krakow
7758,Anna Nowak,Warsaw
7759,Marek Wozniak,Gdansk
7760,Jan Nowak,Warsaw
7761,John Kowalski,Poznan
7762,Maria Smith,Poznan
7763,Marek Nowak,Warsaw
7764,Anna Wozniak,Gdansk
7765,Anna Zielinski,gdansk
7766,Piotr Nowak,Krakow
7767,John Zielinski,Warsaw
7768,Marek Smith,Warsaw
7769,Kasia Wozniak,Poznan
7770,Jan Zielinski,warsaw
7771,Marek Zielinski,krakow
7772,John Wozniak,gdansk
7773,Jan Nowak,gdansk
7774,Piotr Kowalski,gdansk
7775,Piotr Smith,Warsaw
7776,Kasia Wozniak,krakow
7777,Maria Smith,krakow
7778,Jan Nowak,gdansk
7779,Kasia Kowalski,gdansk
7780,Kasia Wozniak,gdansk
7781,Jan Zielinski,warsaw
7782,Piotr Nowak,Gdansk
7783,Marek Nowak,gdansk
7784,Marek Wozniak,gdansk
7785,John Wozniak,krakow
7786,Anna Kowalski,Gdansk
7787,John Zielinski,Warsaw
7788,Marek Smith,Warsaw
7789,Kasia Zielinski,gdansk
7790,Maria Smith,Warsaw
7791,Jan Kowalski,warsaw
7792,Kasia Kowalski,Warsaw
7793,Jan Smith,Krakow
7794,John Kowalski,warsaw
7795,Piotr Wozniak,Warsaw
7796,Kasia Zielinski,Warsaw
7797,Kasia Nowak,warsaw
7798,Marek Kowalski,gdansk
7799,Anna Nowak,Gdansk
7800,Jan Nowak,krakow
7801,Anna Kowalski,Poznan
7802,Kasia Kowalski,Poznan
7803,Maria Smith,warsaw
7804,Kasia Wozniak,Gdansk
7805,Maria Smith,krakow
7806,Anna Kowalski,warsaw
7807,Kasia Nowak,gdansk
7808,Maria Smith,Krakow
7809,Piotr Zielinski,Warsaw
7810,John Kowalski,Poznan
7811,Maria Smith,Warsaw
7812,Jan Wozniak,Krakow
7813,Maria Nowak,Poznan
7814,Anna Wozniak,Krakow
7815,Piotr Nowak,warsaw
7816,Kasia Kowalski,gdansk
7817,Piotr Nowak,krakow
7818,Kasia Zielinski,Warsaw
7819,Jan Wozniak,gdansk
7820,Marek Wozniak,gdansk
7821,Maria Kowalski,warsaw
7822,Anna Nowak,Poznan
7823,Jan Nowak,krakow
7824,Marek Zielinski,Gdansk
7825,Marek Kowalski,Warsaw
7826,John Kowalski,Krakow
7827,Maria Wozniak,warsaw
7828,Maria Zielinski,Krakow
7829,John Wozniak,Poznan
7830,John Zielinski,krakow
7831,Jan Wozniak,Poznan
7832,Marek Kowalski,Poznan
7833,Marek Zielinski,warsaw
7834,Anna Zielinski,warsaw
7835,Maria Smith,krakow
7836,Anna Smith,warsaw
7837,Maria Wozniak,gdansk
7838,Anna Wozniak,Poznan
7839,John Zielinski,Gdansk
7840,John Wozniak,krakow
7841,John Nowak,krakow
7842,Kasia Nowak,krakow
7843,Marek Wozniak,warsaw
7844,Kasia Zielinski,Poznan
7845,Marek Kowalski,Poznan
7846,Marek Nowak,Krakow
7847,Marek Nowak,krakow
7848,Maria Kowalski,Warsaw
7849,John Kowalski,warsaw
7850,Jan Smith,Krakow
7851,John Kowalski,Warsaw
7852,Kasia Smith,Warsaw
7853,Marek Smith,Gdansk
7854,Kasia Nowak,gdansk
7855,Piotr Wozniak,Gdansk
7856,Jan Nowak,Gdansk
7857,John Kowalski,Warsaw
7858,Maria Kowalski,Krakow
7859,Maria Wozniak,krakow
7860,Marek Zielinski,Warsaw
7861,Maria Zielinski,Gdansk
7862,Marek Smith,warsaw
7863,Kasia Zielinski,Gdansk
7864,Maria Smith,Poznan
7865,Maria Nowak,warsaw
7866,Jan Nowak,Poznan
7867,Piotr Nowak,Gdansk
7868,John Kowalski,gdansk
7869,Marek Zielinski,krakow
7870,John Zielinski,gdansk
7871,John Smith,Gdansk
7872,Piotr Kowalski,Krakow
7873,Maria Smith,Poznan
7874,John Zielinski,Gdansk
7875,Maria Nowak,gdansk
7876,Anna Smith,Krakow
7877,Kasia Zielinski,Gdansk
7878,Kasia Nowak,gdansk
7879,John Wozniak,Warsaw
7880,Piotr Kowalski,warsaw
7881,Maria Wozniak,krakow
7882,Kasia Wozniak,warsaw
7883,Maria Kowalski,Warsaw
7884,Maria Wozniak,Krakow
7885,Kasia Nowak,Gdansk
7886,Anna Wozniak,krakow
7887,Maria Zielinski,krakow
7888,Kasia Zielinski,warsaw
7889,Marek Zielinski,Gdansk
7890,Kasia Zielinski,krakow
7891,John Kowalski,Poznan
7892,Marek Kowalski,Krakow
7893,Maria Zielinski,warsaw
7894,Kasia Nowak,Poznan
7895,John Zielinski,Krakow
7896,John Zielinski,Warsaw
7897,Kasia Kowalski,gdansk
7898,John Kowalski,Krakow
7899,Anna Smith,Warsaw
7900,John Smith,Poznan
7901,Kasia Wozniak,gdansk
7902,Maria Smith,gdansk
7903,Kasia Zielinski,Warsaw
7904,Anna Nowak,warsaw
7905,Piotr Zielinski,warsaw
7906,Marek Smith,Poznan
7907,Piotr Smith,Krakow
7908,Jan Zielinski,krakow
7909,Kasia Zielinski,krakow
7910,Jan Kowalski,Krakow
7911,Marek Zielinski,Krakow
7912,Jan Kowalski,gdansk
7913,Jan Zielinski,gdansk
7914,Maria Smith,Poznan
7915,Kasia Kowalski,Poznan
7916,Jan Zielinski,Gdansk
7917,Anna Smith,krakow
7918,Jan Smith,Warsaw
7919,John Smith,warsaw
7920,Maria Smith,gdansk
7921,Kasia Kowalski,Krakow
7922,Kasia Kowalski,Gdansk
7923,Jan Wozniak,Gdansk
7924,Jan Kowalski,Krakow
7925,Maria Zielinski,Poznan
7926,John Smith,Warsaw
7927,Jan Zielinski,Warsaw
7928,Maria Wozniak,Krakow
7929,Piotr Nowak,gdansk
7930,Kasia Zielinski,Krakow
7931,Kasia Zielinski,Krakow
7932,Anna Zielinski,Krakow
7933,Marek Wozniak,Poznan
7934,John Smith,Poznan
7935,Piotr Kowalski,Warsaw
7936,Jan Smith,gdansk
7937,Maria Nowak,gdansk
7938,Maria Zielinski,Warsaw
7939,Marek Nowak,krakow
7940,Maria Wozniak,warsaw
7941,Anna Kowalski,Gdansk
7942,Marek Smith,Gdansk
7943,Jan Smith,Poznan
7944,Anna Nowak,Poznan
7945,Piotr Kowalski,krakow
7946,Piotr Nowak,Krakow
7947,Piotr Wozniak,Warsaw
7948,Piotr Smith,warsaw
7949,Anna Kowalski,gdansk
7950,Jan Smith,Gdansk
7951,Jan Wozniak,krakow
7952,John Zielinski,Warsaw
7953,Jan Wozniak,krakow
7954,Marek Smith,Warsaw
7955,Anna Zielinski,Krakow
7956,Marek Kowalski,gdansk
7957,Marek Nowak,Krakow
7958,Marek Nowak,Warsaw
7959,Marek Smith,warsaw
7960,Kasia Wozniak,Gdansk
7961,Maria Nowak,gdansk
7962,Maria Zielinski,krakow
7963,Maria Nowak,Gdansk
7964,John Kowalski,Poznan
7965,Kasia Nowak,Krakow
7966,Piotr Kowalski,warsaw
7967,Marek Zielinski,Gdansk
7968,Maria Smith,krakow
7969,Jan Kowalski,Krakow
7970,Maria Wozniak,krakow
7971,Anna Smith,Poznan
7972,Marek Zielinski,Gdansk
7973,Kasia Wozniak,Gdansk
7974,Kasia Smith,Krakow
7975,Marek Kowalski,warsaw
7976,Kasia Smith,Gdansk
7977,Piotr Smith,Gdansk
7978,John Smith,gdansk
7979,Maria Wozniak,Krakow
7980,Marek Smith,Poznan
7981,John Zielinski,Krakow
7982,Jan Zielinski,warsaw
7983,Piotr Zielinski,Warsaw
7984,Anna Wozniak,Krakow
7985,Anna Kowalski,Poznan
7986,Anna Nowak,Warsaw
7987,Jan Smith,Krakow
7988,John Kowalski,Gdansk
7989,John Kowalski,Warsaw
7990,Jan Kowalski,gdansk
7991,Marek Nowak,Poznan
7992,Piotr Smith,Warsaw
7993,Jan Nowak,Krakow
7994,Piotr Wozniak,Warsaw
7995,Maria Kowalski,gdansk
7996,John Wozniak,Gdansk
7997,John Kowalski,gdansk
7998,Anna Smith,Krakow
7999,Piotr Zielinski,Gdansk
8000,Maria Wozniak,krakow
8001,Maria Zielinski,gdansk
8002,Kasia Kowalski,krakow
8003,Marek Kowalski,krakow
8004,Kasia Wozniak,gdansk
8005,Piotr Wozniak,warsaw
8006,John Nowak,warsaw
8007,Piotr Zielinski,gdansk
8008,John Kowalski,Krakow
8009,Piotr Kowalski,Warsaw
8010,Maria Kowalski,Poznan
8011,Marek Kowalski,gdansk
8012,Maria Nowak,gdansk
8013,Jan Kowalski,Poznan
8014,Anna Kowalski,warsaw
8015,Maria Kowalski,Poznan
8016,John Nowak,gdansk
8017,Piotr Zielinski,Warsaw
8018,Anna Wozniak,gdansk
8019,Anna Nowak,Gdansk
8020,Jan Wozniak,Krakow
8021,Kasia Kowalski,warsaw
8022,John Zielinski,krakow
8023,Piotr Nowak,Gdansk
8024,Jan Wozniak,krakow
8025,Maria Nowak,gdansk
8026,Kasia Kowalski,Poznan
8027,Jan Smith,krakow
8028,Kasia Smith,Krakow
8029,John Smith,Gdansk
8030,John Smith,krakow
8031,Jan Wozniak,warsaw
8032,Marek Zielinski,Warsaw
8033,Piotr Kowalski,Gdansk
8034,Anna Zielinski,Poznan
8035,Marek Wozniak,krakow
8036,John Zielinski,warsaw
8037,John Nowak,krakow
8038,Anna Zielinski,Poznan
8039,Jan Wozniak,Warsaw
8040,John Wozniak,warsaw
8041,Anna Wozniak,gdansk
8042,Jan Kowalski,krakow
8043,Marek Kowalski,Gdansk
8044,John Zielinski,warsaw
8045,Marek Nowak,Krakow
8046,Jan Kowalski,warsaw
8047,Maria Zielinski,Gdansk
8048,Jan Wozniak,warsaw
8049,Anna Wozniak,Poznan
8050,Piotr Zielinski,Warsaw
8051,John Smith,warsaw
8052,Maria Zielinski,warsaw
8053,Jan Kowalski,Krakow
8054,John Smith,gdansk
8055,Jan Zielinski,Poznan
8056,Maria Kowalski,Krakow
8057,Maria Smith,Krakow
8058,Kasia Nowak,krakow
8059,John Wozniak,gdansk
8060,John Wozniak,warsaw
8061,Jan Wozniak,Krakow
8062,Jan Nowak,Gdansk
8063,Piotr Smith,Poznan
8064,Piotr Zielinski,Poznan
8065,Marek Wozniak,Gdansk
8066,John Nowak,warsaw
8067,Kasia Zielinski,Poznan
8068,Marek Zielinski,krakow
8069,Anna Kowalski,Gdansk
8070,Jan Wozniak,Warsaw
8071,Jan Nowak,Krakow
8072,Jan Zielinski,krakow
8073,Marek Zielinski,krakow
8074,John Nowak,warsaw
8075,Kasia Smith,warsaw
8076,Maria Zielinski,Gdansk
8077,Jan Kowalski,warsaw
8078,Anna Nowak,warsaw
8079,Marek Smith,krakow
8080,John Nowak,Gdansk
8081,Jan Kowalski,Warsaw
8082,Anna Smith,Poznan
8083,Maria Wozniak,Gdansk
8084,Marek Wozniak,Gdansk
8085,Maria Zielinski,Poznan
8086,Maria Wozniak,Krakow
8087,John Kowalski,gdansk
8088,John Smith,gdansk
8089,Maria Smith,warsaw
8090,Jan Zielinski,krakow
8091,Anna Nowak,warsaw
8092,Anna Smith,Krakow
8093,Jan Wozniak,gdansk
8094,Anna Zielinski,Poznan
8095,Marek Zielinski,Krakow
8096,Anna Wozniak,Warsaw
8097,Piotr Kowalski,warsaw
8098,Marek Zielinski,Poznan
8099,Anna Nowak,Poznan
8100,Jan Zielinski,warsaw
8101,Marek Zielinski,gdansk
8102,Piotr Nowak,Warsaw
8103,Piotr Kowalski,krakow
8104,Piotr Zielinski,warsaw
8105,Anna Zielinski,Poznan
8106,Jan Nowak,Gdansk
8107,Kasia Wozniak,Warsaw
8108,Jan Zielinski,krakow
8109,Anna Zielinski,Warsaw
8110,Jan Wozniak,Warsaw
8111,John Kowalski,gdansk
8112,Jan Nowak,warsaw
8113,Jan Nowak,Poznan
8114,John Wozniak,krakow
8115,Kasia Kowalski,Warsaw
8116,Anna Zielinski,Poznan
8117,John Nowak,Warsaw
8118,Anna Wozniak,krakow
8119,Anna Kowalski,warsaw
8120,Anna Nowak,Gdansk
8121,John Nowak,krakow
8122,Jan Smith,gdansk
8123,John Zielinski,Poznan
8124,Kasia Kowalski,warsaw
8125,Maria Kowalski,Warsaw
8126,Piotr Zielinski,warsaw
8127,Kasia Wozniak,Krakow
8128,Jan Zielinski,Warsaw
8129,John Kowalski,krakow
8130,John Smith,Poznan
8131,Maria Nowak,warsaw
8132,Marek Smith,warsaw
8133,Anna Nowak,Krakow
8134,Anna Zielinski,gdansk
8135,Kasia Zielinski,warsaw
8136,Piotr Nowak,Gdansk
8137,John Smith,warsaw
8138,Jan Zielinski,Krakow
8139,Kasia Kowalski,Warsaw
8140,Marek Zielinski,warsaw
8141,John Smith,Krakow
8142,John Wozniak,Poznan
8143,Marek Nowak,Poznan
8144,John Nowak,Poznan
8145,Jan Zielinski,Gdansk
8146,Piotr Kowalski,Poznan
8147,John Zielinski,krakow
8148,Marek Nowak,Poznan
8149,Anna Kowalski,krakow
8150,Anna Kowalski,Krakow
8151,Jan Wozniak,Krakow
8152,Maria Smith,Gdansk
8153,Piotr Wozniak,Krakow
8154,Marek Kowalski,warsaw
8155,Marek Nowak,Krakow
8156,Anna Kowalski,Warsaw
8157,Jan Wozniak,Warsaw
8158,Kasia Nowak,Krakow
8159,Maria Kowalski,krakow
8160,Jan Zielinski,krakow
8161,Piotr Nowak,warsaw
8162,Maria Zielinski,Warsaw
8163,Kasia Nowak,krakow
8164,Kasia Zielinski,Warsaw
8165,Kasia Kowalski,warsaw
8166,Jan Smith,Gdansk
8167,John Nowak,Krakow
8168,Piotr Smith,Poznan
8169,Jan Nowak,warsaw
8170,John Smith,Warsaw
8171,Jan Nowak,Warsaw
8172,Anna Zielinski,Krakow
8173,Kasia Wozniak,Gdansk
8174,Marek Wozniak,Krakow
8175,Kasia Smith,Gdansk
8176,Anna Smith,krakow
8177,Maria Smith,Krakow
8178,Piotr Wozniak,Poznan
8179,Jan Kowalski,Krakow
8180,Kasia Nowak,warsaw
8181,Marek Smith,krakow
8182,Kasia Nowak,Warsaw
8183,Anna Zielinski,Warsaw
8184,Marek Nowak,Poznan
8185,Marek Zielinski,Warsaw
8186,Anna Kowalski,Warsaw
8187,Marek Wozniak,Gdansk
8188,Jan Nowak,krakow
8189,Kasia Smith,Poznan
8190,Anna Wozniak,warsaw
8191,Kasia Zielinski,Warsaw
8192,Maria Nowak,Gdansk
8193,Anna Smith,krakow
8194,Anna Kowalski,Gdansk
8195,Anna Nowak,Krakow
8196,John Nowak,krakow
8197,Anna Kowalski,Gdansk
8198,Anna Wozniak,krakow
8199,Anna Kowalski,Warsaw
8200,Kasia Kowalski,Krakow
8201,Anna Nowak,Poznan
8202,Marek Smith,Krakow
8203,Maria Smith,krakow
8204,Piotr Kowalski,Poznan
8205,Kasia Kowalski,Warsaw
8206,John Kowalski,Warsaw
8207,Anna Zielinski,krakow
8208,Jan Smith,Gdansk
8209,Marek Zielinski,gdansk
8210,Piotr Wozniak,krakow
8211,John Wozniak,Gdansk
8212,Piotr Wozniak,Warsaw
8213,Jan Nowak,Gdansk
8214,Anna Smith,warsaw
8215,John Kowalski,Gdansk
8216,Kasia Kowalski,Poznan
8217,Marek Wozniak,Krakow
8218,Marek Wozniak,krakow
8219,Kasia Kowalski,Warsaw
8220,Piotr Zielinski,Warsaw
8221,Maria Kowalski,Poznan
8222,Jan Wozniak,Warsaw
8223,Anna Nowak,Krakow
8224,Kasia Wozniak,krakow
8225,Anna Smith,Krakow
8226,John Zielinski,Warsaw
8227,Marek Nowak,Poznan
8228,Anna Nowak,krakow
8229,Maria Wozniak,gdansk
8230,Kasia Nowak,Krakow
8231,Anna Nowak,gdansk
8232,John Smith,Gdansk
8233,Jan Zielinski,Poznan
8234,Maria Nowak,Poznan
8235,John Zielinski,Poznan
8236,John Smith,Gdansk
8237,Anna Smith,warsaw
8238,John Nowak,Krakow
8239,Marek Kowalski,Warsaw
8240,Piotr Zielinski,Gdansk
8241,Maria Nowak,Poznan
8242,Maria Smith,gdansk
8243,Marek Zielinski,Poznan
8244,Kasia Wozniak,Poznan
8245,Maria Zielinski,krakow
8246,John Kowalski,gdansk
8247,Anna Kowalski,krakow
8248,Maria Wozniak,gdansk
8249,Anna Wozniak,krakow
8250,Maria Zielinski,gdansk
8251,Piotr Nowak,krakow
8252,Kasia Nowak,warsaw
8253,Jan Wozniak,Krakow
8254,Anna Wozniak,krakow
8255,Maria Smith,warsaw
8256,Jan Kowalski,Poznan
8257,Piotr Wozniak,warsaw
8258,Jan Zielinski,gdansk
8259,Maria Zielinski,Krakow
8260,Maria Zielinski,Warsaw
8261,Maria Wozniak,Poznan
8262,Anna Nowak,gdansk
8263,Marek Smith,warsaw
8264,Kasia Kowalski,Warsaw
8265,Jan Wozniak,Warsaw
8266,Maria Wozniak,Poznan
8267,Maria Kowalski,Warsaw
8268,Anna Wozniak,Warsaw
8269,Marek Kowalski,gdansk
8270,John Nowak,gdansk
8271,Marek Smith,Warsaw
8272,Marek Zielinski,Poznan
8273,Anna Kowalski,Krakow
8274,John Zielinski,Gdansk
8275,Maria Zielinski,Gdansk
8276,Marek Zielinski,krakow
8277,Jan Nowak,Warsaw
8278,Kasia Nowak,gdansk
8279,Marek Zielinski,Gdansk
8280,John Zielinski,Krakow
8281,John Zielinski,Warsaw
8282,Marek Nowak,Gdansk
8283,Kasia Smith,Krakow
8284,Maria Kowalski,warsaw
8285,Marek Nowak,krakow
8286,Piotr Zielinski,Gdansk
8287,John Kowalski,Gdansk
8288,Kasia Zielinski,Krakow
8289,Kasia Nowak,Gdansk
8290,Jan Nowak,Poznan
8291,Anna Smith,Gdansk
8292,Anna Wozniak,krakow
8293,Piotr Wozniak,gdansk
8294,Anna Kowalski,Poznan
8295,Jan Wozniak,Gdansk
8296,Anna Smith,Gdansk
8297,Kasia Nowak,Poznan
8298,John Nowak,warsaw
8299,Maria Wozniak,gdansk
8300,Marek Zielinski,Krakow
8301,Marek Kowalski,Gdansk
8302,John Wozniak,Gdansk
8303,Maria Kowalski,krakow
8304,John Wozniak,Gdansk
8305,John Wozniak,gdansk
8306,John Nowak,Krakow
8307,Anna Zielinski,Krakow
8308,Jan Nowak,Krakow
8309,Marek Nowak,Poznan
8310,Maria Wozniak,Warsaw
8311,Piotr Wozniak,Warsaw
8312,Kasia Zielinski,gdansk
8313,Jan Kowalski,krakow
8314,Piotr Zielinski,Gdansk
8315,Jan Smith,gdansk
8316,Kasia Smith,Warsaw
8317,Marek Wozniak,Gdansk
8318,Marek Wozniak,warsaw
8319,Piotr Nowak,Gdansk
8320,Kasia Smith,Poznan
8321,Maria Wozniak,krakow
8322,Maria Kowalski,gdansk
8323,Piotr Zielinski,krakow
8324,Anna Smith,krakow
8325,Maria Smith,warsaw
8326,Anna Wozniak,Warsaw
8327,Jan Zielinski,Krakow
8328,Anna Wozniak,warsaw
8329,Jan Smith,Gdansk
8330,Marek Kowalski,Poznan
8331,John Wozniak,Krakow
8332,Maria Zielinski,warsaw
8333,Anna Zielinski,Gdansk
8334,Marek Kowalski,Krakow
8335,Maria Wozniak,Gdansk
8336,John Zielinski,warsaw
8337,Maria Nowak,krakow
8338,Jan Smith,krakow
8339,Kasia Kowalski,Poznan
8340,Maria Wozniak,Gdansk
8341,Maria Nowak,krakow
8342,Anna Zielinski,Poznan
8343,Anna Nowak,Krakow
8344,Anna Kowalski,Poznan
8345,Anna Zielinski,Poznan
8346,John Kowalski,Krakow
8347,John Zielinski,gdansk
8348,Marek Kowalski,Poznan
8349,Marek Kowalski,gdansk
8350,Kasia Nowak,warsaw
8351,Jan Wozniak,gdansk
8352,Kasia Nowak,Krakow
8353,Jan Kowalski,Warsaw
8354,Piotr Smith,Gdansk
8355,Maria Nowak,krakow
8356,Piotr Nowak,warsaw
8357,Piotr Smith,Poznan
8358,Piotr Wozniak,warsaw
8359,Piotr Nowak,Gdansk
8360,Anna Wozniak,Krakow
8361,John Nowak,Poznan
8362,Jan Smith,Krakow
8363,Anna Zielinski,krakow
8364,Kasia Nowak,krakow
8365,Marek Wozniak,gdansk
8366,Anna Zielinski,warsaw
8367,John Smith,Gdansk
8368,Maria Zielinski,Poznan
8369,Maria Nowak,Gdansk
8370,Maria Nowak,Poznan
8371,Kasia Wozniak,Poznan
8372,Maria Kowalski,Warsaw
8373,Piotr Nowak,krakow
8374,Piotr Wozniak,Gdansk
8375,Marek Nowak,Poznan
8376,Jan Smith,Gdansk
8377,Jan Wozniak,gdansk
8378,Kasia Smith,Gdansk
8379,Kasia Zielinski,gdansk
8380,Maria Zielinski,Poznan
8381,Jan Zielinski,krakow
8382,John Zielinski,Gdansk
8383,Kasia Smith,Gdansk
8384,Kasia Zielinski,Krakow
8385,John Nowak,Krakow
8386,Piotr Zielinski,Krakow
8387,Piotr Nowak,Warsaw
8388,Anna Zielinski,warsaw
8389,John Zielinski,gdansk
8390,Jan Nowak,Poznan
8391,John Wozniak,Krakow
8392,Jan Wozniak,gdansk
8393,Anna Smith,Warsaw
8394,Anna Wozniak,Warsaw
8395,Kasia Nowak,warsaw
8396,Marek Zielinski,Gdansk
8397,Marek Zielinski,Poznan
8398,Kasia Kowalski,krakow
8399,Piotr Kowalski,krakow
8400,John Kowalski,Warsaw
8401,Maria Zielinski,Krakow
8402,Piotr Smith,Gdansk
8403,Anna Wozniak,krakow
8404,Anna Nowak,Warsaw
8405,Maria Zielinski,Krakow
8406,Marek Kowalski,Krakow
8407,Maria Zielinski,Krakow
8408,Jan Nowak,Krakow
8409,Kasia Wozniak,gdansk
8410,Marek Smith,Poznan
8411,John Zielinski,Gdansk
8412,Kasia Wozniak,krakow
8413,Kasia Nowak,Krakow
8414,Marek Wozniak,Krakow
8415,Jan Nowak,Poznan
8416,Marek Smith,Krakow
8417,Kasia Smith,krakow
8418,Marek Wozniak,Krakow
8419,Maria Nowak,Gdansk
8420,Kasia Smith,Poznan
8421,Piotr Kowalski,warsaw
8422,Marek Zielinski,Poznan
8423,Maria Nowak,krakow
8424,Jan Kowalski,Poznan
8425,Marek Smith,Krakow
8426,Marek Wozniak,krakow
8427,Marek Kowalski,Poznan
8428,John Kowalski,Poznan
8429,Kasia Smith,gdansk
8430,Piotr Nowak,Warsaw
8431,Kasia Smith,Gdansk
8432,Maria Smith,warsaw
8433,Anna Nowak,gdansk
8434,John Wozniak,warsaw
8435,Marek Kowalski,Warsaw
8436,Jan Kowalski,Krakow
8437,Jan Wozniak,krakow
8438,Kasia Wozniak,Krakow
8439,Kasia Kowalski,Poznan
8440,Piotr Zielinski,Warsaw
8441,Kasia Nowak,Warsaw
8442,Anna Kowalski,Krakow
8443,John Nowak,Warsaw
8444,Piotr Zielinski,Poznan
8445,Piotr Zielinski,Poznan
8446,Maria Wozniak,Warsaw
8447,Anna Zielinski,Warsaw
8448,Anna Wozniak,Gdansk
8449,Maria Wozniak,krakow
8450,John Wozniak,Gdansk
8451,Jan Kowalski,Poznan
8452,Anna Kowalski,Gdansk
8453,Maria Smith,krakow
8454,Marek Nowak,Poznan
8455,Piotr Wozniak,warsaw
8456,John Wozniak,Poznan
8457,Piotr Kowalski,gdansk
8458,Marek Wozniak,Warsaw
8459,Jan Nowak,warsaw
8460,Anna Kowalski,Gdansk
8461,Piotr Kowalski,gdansk
8462,Marek Wozniak,Krakow
8463,Jan Wozniak,Krakow
8464,John Zielinski,gdansk
8465,Kasia Zielinski,Warsaw
8466,Kasia Zielinski,Krakow
8467,Marek Kowalski,Krakow
8468,Piotr Zielinski,warsaw
8469,Piotr Kowalski,Warsaw
8470,John Zielinski,gdansk
8471,Marek Kowalski,Gdansk
8472,Piotr Smith,Krakow
8473,Marek Smith,Warsaw
8474,Anna Wozniak,Krakow
8475,Piotr Smith,Krakow
8476,John Wozniak,Krakow
8477,John Kowalski,Poznan
8478,Jan Nowak,Warsaw
8479,Jan Kowalski,warsaw
8480,John Wozniak,Krakow
8481,Marek Zielinski,Gdansk
8482,Marek Wozniak,gdansk
8483,Maria Nowak,krakow
8484,Kasia Wozniak,Poznan
8485,Jan Kowalski,gdansk
8486,Piotr Kowalski,krakow
8487,Jan Nowak,warsaw
8488,Marek Zielinski,Gdansk
8489,Kasia Kowalski,Poznan
8490,Anna Wozniak,Krakow
8491,John Nowak,gdansk
8492,Maria Nowak,Poznan
8493,Marek Nowak,Gdansk
8494,Marek Wozniak,warsaw
8495,Marek Nowak,Krakow
8496,Piotr Kowalski,Warsaw
8497,Kasia Zielinski,Poznan
8498,Jan Smith,gdansk
8499,Maria Zielinski,Poznan
8500,Jan Smith,Gdansk
8501,Jan Smith,Poznan
8502,Jan Smith,Warsaw
8503,Anna Nowak,Gdansk
8504,Anna Wozniak,krakow
8505,Kasia Zielinski,Krakow
8506,Maria Nowak,Poznan
8507,Kasia Smith,warsaw
8508,Piotr Smith,Krakow
8509,John Smith,Krakow
8510,Piotr Wozniak,Warsaw
8511,Marek Zielinski,warsaw
8512,Marek Zielinski,Krakow
8513,John Nowak,krakow
8514,Maria Zielinski,warsaw
8515,Kasia Zielinski,Warsaw
8516,Anna Smith,warsaw
8517,John Zielinski,Warsaw
8518,Jan Zielinski,krakow
8519,Maria Zielinski,gdansk
8520,Piotr Zielinski,gdansk
8521,Kasia Zielinski,Gdansk
8522,Maria Wozniak,Gdansk
8523,Maria Zielinski,Poznan
8524,Jan Zielinski,Warsaw
8525,Piotr Smith,krakow
8526,Maria Kowalski,Poznan
8527,Kasia Nowak,Krakow
8528,Marek Wozniak,gdansk
8529,Jan Smith,krakow
8530,Jan Nowak,Poznan
8531,Anna Zielinski,Gdansk
8532,John Wozniak,gdansk
8533,Piotr Kowalski,Krakow
8534,Jan Kowalski,Poznan
8535,Maria Kowalski,Gdansk
8536,Kasia Kowalski,Gdansk
8537,Jan Kowalski,Gdansk
8538,Marek Nowak,warsaw
8539,Anna Zielinski,krakow
8540,Anna Wozniak,Poznan
8541,Jan Zielinski,warsaw
8542,Jan Zielinski,Poznan
8543,Maria Nowak,gdansk
8544,Maria Zielinski,warsaw
8545,Jan Kowalski,Warsaw
8546,Anna Nowak,Warsaw
8547,Jan Kowalski,warsaw
8548,Anna Nowak,Warsaw
8549,John Zielinski,krakow
8550,Kasia Wozniak,krakow
8551,Anna Nowak,Warsaw
8552,Maria Zielinski,gdansk
8553,Marek Zielinski,Poznan
8554,John Wozniak,gdansk
8555,Kasia Nowak,Warsaw
8556,Maria Nowak,Poznan
8557,Piotr Kowalski,Krakow
8558,Kasia Nowak,Krakow
8559,Anna Kowalski,Gdansk
8560,Piotr Smith,gdansk
8561,Jan Nowak,Gdansk
8562,Maria Nowak,Poznan
8563,Kasia Smith,krakow
8564,Marek Zielinski,gdansk
8565,Jan Kowalski,Krakow
8566,Piotr Wozniak,Poznan
8567,Maria Smith,Poznan
8568,John Nowak,Warsaw
8569,Anna Kowalski,gdansk
8570,Marek Nowak,krakow
8571,Marek Wozniak,warsaw
8572,Anna Smith,Poznan
8573,Marek Smith,Krakow
8574,John Zielinski,krakow
8575,Kasia Nowak,Krakow
8576,Anna Nowak,krakow
8577,Kasia Wozniak,krakow
8578,Piotr Nowak,Warsaw
8579,Anna Wozniak,Krakow
8580,Piotr Nowak,gdansk
8581,Anna Kowalski,Krakow
8582,Anna Wozniak,Gdansk
8583,Piotr Nowak,krakow
8584,Maria Zielinski,Krakow
8585,Marek Zielinski,krakow
8586,Anna Zielinski,Gdansk
8587,Anna Smith,Poznan
8588,Maria Kowalski,krakow
8589,Kasia Zielinski,warsaw
8590,Piotr Zielinski,warsaw
8591,Kasia Zielinski,gdansk
8592,Maria Zielinski,Gdansk
8593,Kasia Kowalski,krakow
8594,Maria Wozniak,Poznan
8595,Anna Zielinski,warsaw
8596,Maria Wozniak,Gdansk
8597,Maria Zielinski,gdansk
8598,Maria Nowak,krakow
8599,Maria Wozniak,Poznan
8600,Maria Nowak,Krakow
8601,Anna Smith,Poznan
8602,Maria Wozniak,warsaw
8603,Piotr Wozniak,Poznan
8604,Anna Zielinski,krakow
8605,Kasia Nowak,gdansk
8606,Maria Kowalski,warsaw
8607,Anna Nowak,warsaw
8608,Kasia Smith,krakow
8609,Marek Zielinski,Gdansk
8610,Maria Kowalski,krakow
8611,Anna Smith,Warsaw
8612,Maria Nowak,Poznan
8613,Maria Smith,warsaw
8614,Anna Wozniak,Krakow
8615,Piotr Zielinski,Krakow
8616,Anna Wozniak,krakow
8617,Kasia Smith,gdansk
8618,Anna Kowalski,krakow
8619,Piotr Wozniak,Gdansk
8620,Jan Nowak,Warsaw
8621,Maria Zielinski,warsaw
8622,Piotr Nowak,Gdansk
8623,John Zielinski,krakow
8624,Jan Wozniak,Krakow
8625,Jan Kowalski,warsaw
8626,Maria Wozniak,Krakow
8627,Maria Zielinski,Warsaw
8628,Kasia Nowak,Poznan
8629,John Smith,gdansk
8630,John Smith,Krakow
8631,Jan Nowak,Poznan
8632,Maria Smith,gdansk
8633,Piotr Smith,krakow
8634,Marek Nowak,Krakow
8635,Kasia Zielinski,warsaw
8636,Anna Zielinski,warsaw
8637,Jan Smith,krakow
8638,Marek Nowak,gdansk
8639,Maria Nowak,gdansk
8640,Anna Nowak,gdansk
8641,Kasia Kowalski,gdansk
8642,Piotr Wozniak,Krakow
8643,Anna Wozniak,warsaw
8644,Jan Kowalski,Krakow
8645,Marek Wozniak,warsaw
8646,Maria Kowalski,Gdansk
8647,Maria Smith,gdansk
8648,Marek Smith,Warsaw
8649,Anna Nowak,krakow
8650,Maria Zielinski,warsaw
8651,Jan Smith,gdansk
8652,Kasia Kowalski,Warsaw
8653,Jan Wozniak,Warsaw
8654,Kasia Zielinski,Poznan
8655,Marek Smith,Warsaw
8656,Kasia Nowak,Warsaw
8657,Marek Smith,Gdansk
8658,John Nowak,Warsaw
8659,Anna Zielinski,Krakow
8660,Anna Zielinski,warsaw
8661,Marek Wozniak,Poznan
8662,Anna Nowak,Krakow
8663,Jan Wozniak,Warsaw
8664,John Nowak,gdansk
8665,Piotr Kowalski,Poznan
8666,Marek Wozniak,Warsaw
8667,Marek Zielinski,warsaw
8668,Jan Nowak,Warsaw
8669,Kasia Nowak,Poznan
8670,Kasia Zielinski,Krakow
8671,John Nowak,Warsaw
8672,Kasia Smith,gdansk
8673,Marek Nowak,Gdansk
8674,Maria Smith,Gdansk
8675,John Smith,gdansk
8676,Piotr Kowalski,Poznan
8677,John Kowalski,Poznan
8678,Maria Zielinski,krakow
8679,Kasia Zielinski,Gdansk
8680,Maria Kowalski,Poznan
8681,Marek Wozniak,Krakow
8682,Jan Zielinski,Krakow
8683,Piotr Wozniak,Poznan
8684,Anna Wozniak,Poznan
8685,John Nowak,Gdansk
8686,Marek Zielinski,warsaw
8687,Kasia Kowalski,Poznan
8688,Piotr Zielinski,Warsaw
8689,Jan Nowak,Warsaw
8690,Piotr Smith,Warsaw
8691,Jan Smith,Poznan
8692,Maria Zielinski,krakow
8693,Jan Kowalski,Warsaw
8694,Kasia Smith,warsaw
8695,Marek Smith,krakow
8696,Piotr Zielinski,Poznan
8697,Marek Kowalski,Krakow
8698,Marek Kowalski,krakow
8699,Maria Nowak,krakow
8700,Marek Smith,Gdansk
8701,Kasia Nowak,gdansk
8702,Kasia Wozniak,warsaw
8703,Maria Zielinski,warsaw
8704,John Smith,Krakow
8705,Maria Zielinski,warsaw
8706,Maria Smith,warsaw
8707,Piotr Kowalski,krakow
8708,Marek Smith,krakow
8709,Jan Zielinski,Warsaw
8710,Piotr Smith,Warsaw
8711,Kasia Wozniak,Krakow
8712,John Nowak,krakow
8713,Piotr Wozniak,Gdansk
8714,Piotr Smith,Warsaw
8715,Piotr Wozniak,warsaw
8716,Jan Zielinski,warsaw
8717,John Nowak,Gdansk
8718,Anna Zielinski,Krakow
8719,Marek Smith,Warsaw
8720,Anna Wozniak,gdansk
8721,John Smith,gdansk
8722,Anna Zielinski,Warsaw
8723,Jan Nowak,Warsaw
8724,Anna Wozniak,Poznan
8725,Maria Wozniak,Warsaw
8726,Maria Nowak,warsaw
8727,Piotr Smith,gdansk
8728,Kasia Wozniak,Warsaw
8729,John Kowalski,warsaw
8730,John Nowak,krakow
8731,John Zielinski,Krakow
8732,Jan Smith,Poznan
8733,Piotr Nowak,gdansk
8734,Jan Nowak,Warsaw
8735,John Kowalski,warsaw
8736,Kasia Smith,Poznan
8737,Marek Zielinski,Krakow
8738,Marek Nowak,Warsaw
8739,Jan Wozniak,Poznan
8740,Marek Nowak,Warsaw
8741,Piotr Nowak,Krakow
8742,Jan Kowalski,Krakow
8743,Marek Zielinski,Krakow
8744,Kasia Zielinski,Krakow
8745,Anna Wozniak,Krakow
8746,Anna Wozniak,Warsaw
8747,Marek Wozniak,gdansk
8748,Jan Kowalski,krakow
8749,Maria Zielinski,Warsaw
8750,Piotr Zielinski,gdansk
8751,Piotr Nowak,warsaw
8752,John Nowak,Warsaw
8753,Anna Wozniak,Krakow
8754,John Zielinski,warsaw
8755,Piotr Nowak,warsaw
8756,John Zielinski,Warsaw
8757,Anna Smith,Krakow
8758,Jan Nowak,warsaw
8759,Kasia Nowak,Gdansk
8760,Maria Smith,Warsaw
8761,Anna Zielinski,Krakow
8762,John Zielinski,Warsaw
8763,Jan Smith,Gdansk
8764,Maria Kowalski,Gdansk
8765,Piotr Smith,Poznan
8766,Marek Kowalski,Krakow
8767,John Zielinski,Krakow
8768,Jan Nowak,Krakow
8769,Kasia Nowak,Warsaw
8770,Anna Wozniak,krakow
8771,Maria Zielinski,Warsaw
8772,John Nowak,krakow
8773,Maria Wozniak,Poznan
8774,Maria Nowak,Warsaw
8775,Maria Wozniak,gdansk
8776,Kasia Wozniak,Krakow
8777,Anna Kowalski,krakow
8778,Maria Smith,gdansk
8779,John Kowalski,gdansk
8780,Jan Kowalski,Gdansk
8781,Marek Smith,Krakow
8782,Maria Smith,Poznan
8783,Jan Nowak,Warsaw
8784,Kasia Wozniak,krakow
8785,Kasia Kowalski,Krakow
8786,Piotr Nowak,warsaw
8787,Jan Smith,Poznan
8788,Anna Nowak,krakow
8789,Jan Wozniak,Krakow
8790,Piotr Kowalski,krakow
8791,Jan Smith,Warsaw
8792,Kasia Zielinski,Krakow
8793,Jan Zielinski,Warsaw
8794,John Kowalski,gdansk
8795,Maria Kowalski,warsaw
8796,Marek Kowalski,Krakow
8797,Piotr Nowak,Warsaw
8798,Anna Nowak,Gdansk
8799,Anna Wozniak,Poznan
8800,John Nowak,Krakow
8801,Jan Nowak,gdansk
8802,Marek Zielinski,Gdansk
8803,Kasia Zielinski,Krakow
8804,Jan Nowak,warsaw
8805,Anna Nowak,krakow
8806,Kasia Wozniak,warsaw
8807,Marek Kowalski,Gdansk
8808,Anna Smith,gdansk
8809,Piotr Wozniak,Krakow
8810,Marek Zielinski,Gdansk
8811,Marek Zielinski,krakow
8812,Piotr Zielinski,Poznan
8813,Jan Nowak,warsaw
8814,Maria Zielinski,Poznan
8815,Kasia Smith,warsaw
8816,Kasia Nowak,warsaw
8817,Marek Kowalski,krakow
8818,John Kowalski,Poznan
8819,Anna Kowalski,krakow
8820,Piotr Smith,Gdansk
8821,Jan Nowak,Krakow
8822,Kasia Wozniak,Warsaw
8823,John Zielinski,warsaw
8824,Anna Wozniak,Warsaw
8825,Anna Smith,Poznan
8826,Jan Kowalski,gdansk
8827,Marek Zielinski,Warsaw
8828,Jan Kowalski,krakow
8829,John Kowalski,Warsaw
8830,John Zielinski,gdansk
8831,John Kowalski,Warsaw
8832,Piotr Zielinski,Poznan
8833,Anna Zielinski,Gdansk
8834,Kasia Nowak,gdansk
8835,Piotr Zielinski,Warsaw
8836,Kasia Nowak,Poznan
8837,Anna Zielinski,krakow
8838,Jan Zielinski,Krakow
8839,Piotr Zielinski,Gdansk
8840,Anna Zielinski,Krakow
8841,Maria Wozniak,gdansk
8842,Kasia Kowalski,gdansk
8843,John Nowak,krakow
8844,Maria Zielinski,Warsaw
8845,John Nowak,Poznan
8846,Marek Smith,warsaw
8847,Kasia Zielinski,Poznan
8848,Marek Zielinski,Poznan
8849,Jan Nowak,Gdansk
8850,Kasia Zielinski,warsaw
8851,Maria Zielinski,krakow
8852,Jan Zielinski,Krakow
8853,Piotr Smith,Poznan
8854,Anna Nowak,Gdansk
8855,Jan Kowalski,gdansk
8856,Marek Wozniak,warsaw
8857,Anna Nowak,warsaw
8858,Maria Kowalski,Gdansk
8859,Piotr Zielinski,warsaw
8860,John Kowalski,warsaw
8861,John Kowalski,Warsaw
8862,Piotr Nowak,Krakow
8863,Piotr Wozniak,Krakow
8864,John Kowalski,gdansk
8865,Jan Zielinski,gdansk
8866,Anna Nowak,krakow
8867,Piotr Zielinski,Gdansk
8868,John Kowalski,gdansk
8869,Anna Kowalski,gdansk
8870,John Nowak,warsaw
8871,Anna Kowalski,Warsaw
8872,Piotr Kowalski,warsaw
8873,Marek Kowalski,warsaw
8874,John Wozniak,krakow
8875,Piotr Kowalski,gdansk
8876,Anna Kowalski,Krakow
8877,John Kowalski,Warsaw
8878,Marek Kowalski,Gdansk
8879,Anna Wozniak,Krakow
8880,Anna Wozniak,Krakow
8881,Kasia Kowalski,Warsaw
8882,John Nowak,Krakow
8883,John Zielinski,warsaw
8884,Marek Wozniak,krakow
8885,Kasia Smith,krakow
8886,Maria Nowak,Gdansk
8887,Maria Kowalski,warsaw
8888,Marek Nowak,gdansk
8889,Anna Kowalski,Gdansk
8890,Anna Wozniak,gdansk
8891,Marek Nowak,krakow
8892,Piotr Wozniak,Poznan
8893,Maria Nowak,Poznan
8894,Jan Zielinski,gdansk
8895,Maria Kowalski,Warsaw
8896,Marek Nowak,Krakow
8897,Jan Zielinski,Poznan
8898,Piotr Nowak,Gdansk
8899,Kasia Wozniak,warsaw
8900,Jan Zielinski,Warsaw
8901,Marek Kowalski,Warsaw
8902,Kasia Wozniak,Warsaw
8903,Maria Nowak,Krakow
8904,Kasia Zielinski,Krakow
8905,Marek Wozniak,Poznan
8906,Kasia Wozniak,Poznan
8907,Anna Wozniak,warsaw
8908,John Wozniak,warsaw
8909,Anna Zielinski,Gdansk
8910,Marek Wozniak,Krakow
8911,Piotr Nowak,Krakow
8912,Maria Smith,Poznan
8913,Marek Smith,Krakow
8914,John Nowak,krakow
8915,Kasia Wozniak,warsaw
8916,John Smith,Gdansk
8917,Marek Kowalski,gdansk
8918,Jan Zielinski,krakow
8919,Piotr Nowak,Krakow
8920,John Zielinski,krakow
8921,Jan Wozniak,warsaw
8922,Jan Kowalski,krakow
8923,Jan Wozniak,Poznan
8924,Anna Nowak,Krakow
8925,Jan Smith,warsaw
8926,Marek Wozniak,gdansk
8927,Jan Smith,gdansk
8928,Maria Smith,Krakow
8929,John Kowalski,Warsaw
8930,John Zielinski,Poznan
8931,Maria Nowak,Gdansk
8932,John Wozniak,Gdansk
8933,John Zielinski,Warsaw
8934,John Zielinski,krakow
8935,Jan Kowalski,gdansk
8936,Piotr Nowak,gdansk
8937,Maria Zielinski,gdansk
8938,Kasia Smith,warsaw
8939,Jan Zielinski,Krakow
8940,Marek Kowalski,warsaw
8941,John Smith,krakow
8942,Jan Smith,gdansk
8943,Anna Smith,Gdansk
8944,Jan Kowalski,warsaw
8945,Piotr Kowalski,Poznan
8946,Anna Kowalski,Warsaw
8947,Anna Smith,Poznan
8948,John Zielinski,krakow
8949,Kasia Nowak,Krakow
8950,John Smith,Krakow
8951,Marek Wozniak,Poznan
8952,John Wozniak,gdansk
8953,Maria Smith,krakow
8954,Piotr Wozniak,krakow
8955,Maria Smith,gdansk
8956,Marek Smith,warsaw
8957,Piotr Kowalski,krakow
8958,Piotr Zielinski,krakow
8959,Marek Smith,krakow
8960,Kasia Zielinski,Poznan
8961,Maria Wozniak,Poznan
8962,Anna Wozniak,warsaw
8963,Piotr Kowalski,Warsaw
8964,Jan Smith,Krakow
8965,Piotr Nowak,Gdansk
8966,John Nowak,Gdansk
8967,Piotr Zielinski,Krakow
8968,Maria Nowak,Poznan
8969,Piotr Kowalski,Poznan
8970,Kasia Zielinski,warsaw
8971,Piotr Smith,Gdansk
8972,Kasia Wozniak,Krakow
8973,Marek Wozniak,warsaw
8974,Anna Kowalski,Warsaw
8975,Kasia Smith,warsaw
8976,Jan Smith,Poznan
8977,John Zielinski,Warsaw
8978,Piotr Kowalski,krakow
8979,Anna Smith,Warsaw
8980,John Smith,gdansk
8981,Maria Zielinski,warsaw
8982,Jan Kowalski,krakow
8983,Marek Nowak,Krakow
8984,Marek Smith,Krakow
8985,Jan Nowak,krakow
8986,Maria Wozniak,warsaw
8987,John Wozniak,warsaw
8988,Anna Nowak,Warsaw
8989,Maria Nowak,krakow
8990,Maria Smith,warsaw
8991,Jan Nowak,Warsaw
8992,Piotr Zielinski,krakow
8993,Anna Zielinski,Krakow
8994,Piotr Kowalski,warsaw
8995,Piotr Smith,gdansk
8996,Jan Wozniak,Gdansk
8997,Marek Wozniak,Krakow
8998,Piotr Wozniak,Warsaw
8999,Anna Wozniak,warsaw
9000,John Kowalski,Poznan
9001,John Nowak,gdansk
9002,Maria Wozniak,Poznan
9003,Piotr Kowalski,warsaw
9004,Kasia Wozniak,krakow
9005,Jan Zielinski,krakow
9006,Kasia Smith,krakow
9007,Jan Kowalski,krakow
9008,Anna Nowak,Krakow
9009,Anna Nowak,Poznan
9010,John Smith,Poznan
9011,Jan Wozniak,Gdansk
9012,Anna Nowak,Krakow
9013,Piotr Zielinski,gdansk
9014,Anna Nowak,Warsaw
9015,Jan Wozniak,Poznan
9016,John Kowalski,gdansk
9017,Jan Nowak,Krakow
9018,Jan Smith,krakow
9019,John Kowalski,Warsaw
9020,Kasia Nowak,Gdansk
9021,Piotr Kowalski,Gdansk
9022,John Nowak,Poznan
9023,Jan Wozniak,Gdansk
9024,Marek Nowak,krakow
9025,Jan Nowak,warsaw
9026,Anna Kowalski,krakow
9027,Maria Smith,Krakow
9028,John Kowalski,Gdansk
9029,Marek Wozniak,warsaw
9030,John Nowak,Gdansk
9031,John Kowalski,Gdansk
9032,John Wozniak,Poznan
9033,Jan Smith,warsaw
9034,John Smith,Gdansk
9035,Piotr Kowalski,warsaw
9036,Jan Kowalski,warsaw
9037,John Wozniak,warsaw
9038,John Zielinski,warsaw
9039,Maria Zielinski,Gdansk
9040,Jan Nowak,Krakow
9041,Piotr Wozniak,gdansk
9042,John Kowalski,Poznan
9043,Piotr Kowalski,warsaw
9044,Jan Wozniak,krakow
9045,Anna Zielinski,Krakow
9046,Anna Wozniak,krakow
9047,Anna Nowak,Gdansk
9048,Kasia Nowak,Gdansk
9049,Jan Wozniak,Gdansk
9050,Kasia Nowak,Poznan
9051,Maria Kowalski,Poznan
9052,Marek Kowalski,krakow
9053,Anna Nowak,Warsaw
9054,Kasia Nowak,warsaw
9055,Kasia Nowak,Krakow
9056,John Zielinski,warsaw
9057,Maria Zielinski,gdansk
9058,Jan Nowak,Poznan
9059,Kasia Wozniak,gdansk
9060,Marek Smith,Gdansk
9061,Marek Smith,Poznan
9062,Kasia Wozniak,warsaw
9063,Piotr Wozniak,Poznan
9064,Piotr Kowalski,warsaw
9065,Jan Kowalski,gdansk
9066,Jan Kowalski,warsaw
9067,John Zielinski,Warsaw
9068,John Nowak,Poznan
9069,Maria Smith,Krakow
9070,Jan Smith,Gdansk
9071,John Zielinski,warsaw
9072,John Kowalski,warsaw
9073,John Smith,krakow
9074,Anna Wozniak,warsaw
9075,Marek Zielinski,Krakow
9076,Jan Smith,gdansk
9077,Anna Wozniak,warsaw
9078,Marek Wozniak,Poznan
9079,Marek Kowalski,Warsaw
9080,Marek Nowak,Gdansk
9081,Anna Smith,krakow
9082,John Wozniak,Krakow
9083,Anna Kowalski,Warsaw
9084,Kasia Smith,warsaw
9085,Marek Zielinski,Krakow
9086,Marek Nowak,gdansk
9087,Maria Smith,warsaw
9088,Anna Nowak,warsaw
9089,Marek Wozniak,warsaw
9090,Kasia Nowak,Gdansk
9091,Marek Smith,gdansk
9092,Kasia Kowalski,Gdansk
9093,Marek Wozniak,gdansk
9094,Piotr Wozniak,Warsaw
9095,Piotr Smith,Poznan
9096,Kasia Nowak,Krakow
9097,Piotr Smith,Gdansk
9098,Anna Kowalski,gdansk
9099,John Nowak,Krakow
9100,Anna Wozniak,gdansk
9101,Piotr Nowak,Warsaw
9102,Maria Smith,Krakow
9103,Kasia Smith,Warsaw
9104,Maria Nowak,Gdansk
9105,John Wozniak,Gdansk
9106,Jan Zielinski,Krakow
9107,Kasia Zielinski,krakow
9108,Piotr Kowalski,Warsaw
9109,Kasia Nowak,Poznan
9110,Jan Nowak,Krakow
9111,Jan Wozniak,warsaw
9112,John Nowak,Warsaw
9113,Maria Wozniak,Warsaw
9114,Jan Nowak,warsaw
9115,Piotr Nowak,warsaw
9116,Maria Kowalski,Poznan
9117,John Wozniak,Gdansk
9118,Kasia Wozniak,Gdansk
9119,Maria Wozniak,krakow
9120,Anna Zielinski,Gdansk
9121,Kasia Kowalski,Warsaw
9122,Jan Wozniak,krakow
9123,Kasia Kowalski,Warsaw
9124,Marek Zielinski,Poznan
9125,Jan Kowalski,krakow
9126,John Wozniak,gdansk
9127,Marek Nowak,krakow
9128,Piotr Zielinski,Gdansk
9129,Maria Zielinski,krakow
9130,John Zielinski,krakow
9131,Piotr Kowalski,Poznan
9132,John Kowalski,gdansk
9133,John Zielinski,gdansk
9134,John Smith,warsaw
9135,Anna Zielinski,Warsaw
9136,John Wozniak,Krakow
9137,Piotr Kowalski,Warsaw
9138,Maria Zielinski,gdansk
9139,Piotr Kowalski,warsaw
9140,Anna Kowalski,Warsaw
9141,Jan Nowak,Gdansk
9142,Anna Smith,Poznan
9143,Anna Smith,krakow
9144,Marek Wozniak,Krakow
9145,Piotr Zielinski,gdansk
9146,Kasia Smith,krakow
9147,Anna Nowak,Warsaw
9148,Jan Wozniak,Gdansk
9149,Kasia Wozniak,Krakow
9150,Piotr Zielinski,gdansk
9151,Marek Wozniak,krakow
9152,Kasia Smith,Gdansk
9153,Kasia Zielinski,krakow
9154,Piotr Nowak,krakow
9155,Marek Kowalski,krakow
9156,Piotr Wozniak,gdansk
9157,Anna Smith,Poznan
9158,Piotr Nowak,Warsaw
9159,Kasia Kowalski,Krakow
9160,Piotr Kowalski,krakow
9161,Jan Nowak,Gdansk
9162,John Wozniak,Krakow
9163,Maria Wozniak,Gdansk
9164,Jan Wozniak,krakow
9165,Anna Nowak,gdansk
9166,Maria Smith,warsaw
9167,Maria Wozniak,warsaw
9168,Piotr Kowalski,Warsaw
9169,John Smith,Gdansk
9170,Kasia Nowak,warsaw
9171,Piotr Smith,Warsaw
9172,Jan Zielinski,warsaw
9173,Kasia Wozniak,gdansk
9174,Jan Wozniak,Krakow
9175,Jan Nowak,Poznan
9176,Piotr Zielinski,Krakow
9177,Maria Zielinski,Poznan
9178,Maria Zielinski,Poznan
9179,Piotr Zielinski,krakow
9180,Piotr Smith,krakow
9181,John Wozniak,warsaw
9182,Piotr Smith,Poznan
9183,Piotr Smith,gdansk
9184,Jan Smith,gdansk
9185,Piotr Nowak,Poznan
9186,Piotr Zielinski,Warsaw
9187,Kasia Zielinski,Gdansk
9188,Maria Kowalski,Poznan
9189,Maria Kowalski,Poznan
9190,John Smith,Krakow
9191,Maria Wozniak,Krakow
9192,Jan Zielinski,Krakow
9193,Kasia Smith,Warsaw
9194,Maria Zielinski,warsaw
9195,Jan Kowalski,Warsaw
9196,Maria Smith,Gdansk
9197,Kasia Kowalski,Gdansk
9198,John Wozniak,gdansk
9199,Jan Zielinski,gdansk
9200,Marek Zielinski,gdansk
9201,Marek Zielinski,Gdansk
9202,Marek Smith,Warsaw
9203,Jan Kowalski,Warsaw
9204,Anna Zielinski,krakow
9205,Jan Nowak,gdansk
9206,Jan Nowak,Poznan
9207,Kasia Nowak,krakow
9208,Piotr Smith,Poznan
9209,Maria Smith,warsaw
9210,Piotr Wozniak,Krakow
9211,Piotr Wozniak,Poznan
9212,Maria Kowalski,Poznan
9213,Marek Kowalski,Warsaw
9214,Jan Nowak,Warsaw
9215,Piotr Smith,Gdansk
9216,Kasia Smith,krakow
9217,Anna Kowalski,gdansk
9218,Maria Kowalski,Gdansk
9219,Anna Nowak,warsaw
9220,John Smith,Warsaw
9221,Jan Nowak,warsaw
9222,John Wozniak,Krakow
9223,Marek Wozniak,Poznan
9224,Piotr Zielinski,gdansk
9225,Maria Wozniak,warsaw
9226,Piotr Zielinski,Krakow
9227,John Wozniak,Warsaw
9228,Maria Wozniak,Poznan
9229,Anna Zielinski,Gdansk
9230,Jan Nowak,Krakow
9231,John Smith,Gdansk
9232,Piotr Kowalski,Krakow
9233,John Smith,krakow
9234,Kasia Kowalski,Warsaw
9235,Anna Kowalski,Gdansk
9236,Maria Smith,Warsaw
9237,Jan Smith,warsaw
9238,Jan Wozniak,warsaw
9239,John Kowalski,Warsaw
9240,Marek Kowalski,warsaw
9241,Piotr Wozniak,Krakow
9242,Jan Smith,krakow
9243,Jan Nowak,Warsaw
9244,Piotr Kowalski,gdansk
9245,Kasia Zielinski,krakow
9246,Maria Wozniak,Poznan
9247,Marek Zielinski,Poznan
9248,Anna Nowak,Gdansk
9249,Marek Smith,gdansk
9250,John Kowalski,Gdansk
9251,Marek Smith,krakow
9252,Marek Zielinski,Warsaw
9253,Jan Nowak,gdansk
9254,John Wozniak,krakow
9255,Piotr Nowak,krakow
9256,Piotr Kowalski,Warsaw
9257,Piotr Kowalski,Poznan
9258,Piotr Nowak,warsaw
9259,Jan Zielinski,Poznan
9260,Marek Smith,Warsaw
9261,Jan Kowalski,Poznan
9262,Maria Zielinski,Krakow
9263,Kasia Wozniak,Krakow
9264,Jan Wozniak,Poznan
9265,Piotr Kowalski,warsaw
9266,Jan Kowalski,Gdansk
9267,Jan Zielinski,Poznan
9268,Jan Nowak,warsaw
9269,Anna Kowalski,Krakow
9270,Kasia Zielinski,Warsaw
9271,Jan Kowalski,Warsaw
9272,Jan Nowak,warsaw
9273,Jan Smith,krakow
9274,Kasia Wozniak,Warsaw
9275,John Nowak,gdansk
9276,Kasia Wozniak,Krakow
9277,Marek Nowak,krakow
9278,Marek Wozniak,warsaw
9279,Marek Wozniak,Gdansk
9280,Maria Smith,Poznan
9281,Marek Smith,warsaw
9282,John Nowak,warsaw
9283,Piotr Smith,warsaw
9284,Anna Nowak,warsaw
9285,Jan Zielinski,Gdansk
9286,Marek Smith,Poznan
9287,Kasia Kowalski,warsaw
9288,Anna Kowalski,Krakow
9289,John Kowalski,Warsaw
9290,Jan Zielinski,Krakow
9291,Kasia Nowak,Poznan
9292,Maria Nowak,Warsaw
9293,Kasia Kowalski,warsaw
9294,John Kowalski,Krakow
9295,Anna Smith,Warsaw
9296,Kasia Wozniak,Poznan
9297,Piotr Zielinski,krakow
9298,John Nowak,Poznan
9299,Kasia Wozniak,Krakow
9300,Marek Smith,krakow
9301,Anna Zielinski,Poznan
9302,Marek Zielinski,Poznan
9303,Jan Smith,Warsaw
9304,Kasia Smith,gdansk
9305,Maria Kowalski,Gdansk
9306,Marek Wozniak,warsaw
9307,Marek Wozniak,gdansk
9308,Jan Smith,Gdansk
9309,Marek Nowak,warsaw
9310,Jan Smith,Gdansk
9311,Anna Zielinski,Poznan
9312,John Smith,krakow
9313,Kasia Zielinski,Krakow
9314,John Smith,Gdansk
9315,John Kowalski,warsaw
9316,Kasia Kowalski,gdansk
9317,Jan Wozniak,Gdansk
9318,Marek Nowak,Poznan
9319,Jan Nowak,warsaw
9320,Anna Nowak,Warsaw
9321,Anna Zielinski,krakow
9322,Maria Nowak,warsaw
9323,John Smith,gdansk
9324,Maria Wozniak,Poznan
9325,John Zielinski,Warsaw
9326,John Nowak,krakow
9327,Marek Nowak,Poznan
9328,Marek Wozniak,Krakow
9329,John Nowak,Poznan
9330,John Kowalski,Gdansk
9331,Jan Smith,Warsaw
9332,Maria Zielinski,Gdansk
9333,Piotr Smith,warsaw
9334,Maria Smith,gdansk
9335,Marek Nowak,krakow
9336,Anna Kowalski,warsaw
9337,Jan Wozniak,krakow
9338,John Smith,warsaw
9339,Jan Zielinski,krakow
9340,Jan Kowalski,Warsaw
9341,Piotr Smith,warsaw
9342,Jan Nowak,krakow
9343,Jan Wozniak,gdansk
9344,Piotr Smith,Gdansk
9345,John Wozniak,Poznan
9346,Jan Kowalski,gdansk
9347,John Nowak,gdansk
9348,Maria Kowalski,warsaw
9349,Piotr Smith,Krakow
9350,Kasia Nowak,Krakow
9351,Maria Zielinski,krakow
9352,Maria Zielinski,Gdansk
9353,Piotr Nowak,Krakow
9354,Kasia Nowak,Poznan
9355,Jan Nowak,Poznan
9356,Piotr Zielinski,gdansk
9357,Kasia Zielinski,gdansk
9358,Piotr Nowak,Gdansk
9359,Marek Smith,warsaw
9360,Marek Wozniak,krakow
9361,Piotr Zielinski,gdansk
9362,Jan Wozniak,krakow
9363,John Kowalski,warsaw
9364,Maria Smith,krakow
9365,Jan Smith,warsaw
9366,Kasia Wozniak,krakow
9367,Piotr Kowalski,warsaw
9368,Piotr Zielinski,warsaw
9369,Anna Wozniak,Warsaw
9370,Kasia Smith,Gdansk
9371,Anna Kowalski,Poznan
9372,Maria Kowalski,Warsaw
9373,John Smith,Gdansk
9374,John Kowalski,warsaw
9375,Maria Smith,Warsaw
9376,Anna Smith,Poznan
9377,Marek Wozniak,warsaw
9378,Anna Kowalski,Gdansk
9379,Piotr Smith,Poznan
9380,John Zielinski,krakow
9381,Jan Wozniak,warsaw
9382,Kasia Kowalski,gdansk
9383,Kasia Kowalski,Poznan
9384,Maria Smith,gdansk
9385,Marek Kowalski,Warsaw
9386,Kasia Wozniak,Warsaw
9387,Piotr Smith,Gdansk
9388,Maria Nowak,gdansk
9389,John Zielinski,Krakow
9390,Anna Kowalski,warsaw
9391,John Nowak,warsaw
9392,John Zielinski,Poznan
9393,Marek Nowak,Warsaw
9394,Piotr Zielinski,Gdansk
9395,Marek Kowalski,gdansk
9396,Marek Kowalski,Warsaw
9397,Marek Nowak,warsaw
9398,Marek Kowalski,Warsaw
9399,Marek Kowalski,Poznan
9400,Anna Smith,gdansk
9401,Piotr Zielinski,gdansk
9402,Anna Smith,Gdansk
9403,Jan Wozniak,Gdansk
9404,Kasia Zielinski,krakow
9405,Kasia Smith,Warsaw
9406,Anna Zielinski,Warsaw
9407,Maria Smith,Krakow
9408,Maria Zielinski,Warsaw
9409,Kasia Smith,Krakow
9410,Marek Kowalski,Poznan
9411,Marek Nowak,Warsaw
9412,Marek Wozniak,warsaw
9413,Maria Zielinski,krakow
9414,Kasia Zielinski,krakow
9415,Jan Smith,Gdansk
9416,Piotr Wozniak,gdansk
9417,Kasia Smith,Poznan
9418,Kasia Smith,Poznan
9419,John Nowak,Gdansk
9420,Kasia Kowalski,warsaw
9421,Piotr Kowalski,Warsaw
9422,Maria Kowalski,gdansk
9423,Kasia Kowalski,warsaw
9424,Anna Kowalski,warsaw
9425,Anna Smith,gdansk
9426,Anna Nowak,Krakow
9427,Jan Zielinski,Krakow
9428,Maria Kowalski,Poznan
9429,Anna Smith,gdansk
9430,Kasia Zielinski,Gdansk
9431,Marek Nowak,Warsaw
9432,Kasia Zielinski,krakow
9433,Jan Wozniak,Gdansk
9434,Maria Zielinski,Gdansk
9435,Piotr Zielinski,gdansk
9436,Maria Nowak,gdansk
9437,Jan Zielinski,gdansk
9438,Jan Nowak,gdansk
9439,Maria Nowak,Warsaw
9440,Jan Wozniak,krakow
9441,Kasia Nowak,gdansk
9442,John Kowalski,gdansk
9443,Anna Nowak,Warsaw
9444,Piotr Kowalski,gdansk
9445,Jan Zielinski,Krakow
9446,Jan Zielinski,krakow
9447,Jan Nowak,Warsaw
9448,Piotr Nowak,Krakow
9449,Marek Kowalski,Krakow
9450,Jan Zielinski,warsaw
9451,Maria Nowak,Krakow
9452,Maria Kowalski,krakow
9453,Marek Zielinski,warsaw
9454,John Zielinski,Poznan
9455,Maria Nowak,Warsaw
9456,Kasia Wozniak,Gdansk
9457,John Wozniak,warsaw
9458,Marek Wozniak,Poznan
9459,Kasia Kowalski,Poznan
9460,Jan Kowalski,Poznan
9461,Maria Kowalski,Poznan
9462,Maria Zielinski,krakow
9463,John Kowalski,warsaw
9464,Marek Wozniak,krakow
9465,John Nowak,Gdansk
9466,Piotr Nowak,gdansk
9467,Maria Wozniak,warsaw
9468,Kasia Wozniak,Warsaw
9469,Jan Wozniak,Gdansk
9470,Piotr Nowak,Warsaw
9471,Anna Kowalski,warsaw
9472,John Zielinski,Poznan
9473,Jan Kowalski,warsaw
9474,John Zielinski,warsaw
9475,Anna Zielinski,Poznan
9476,Maria Kowalski,Krakow
9477,Jan Wozniak,gdansk
9478,Maria Nowak,Gdansk
9479,Kasia Smith,gdansk
9480,Marek Nowak,krakow
9481,Kasia Wozniak,krakow
9482,Anna Nowak,krakow
9483,Marek Smith,Poznan
9484,Maria Kowalski,Warsaw
9485,John Zielinski,Gdansk
9486,Anna Smith,warsaw
9487,Marek Nowak,Gdansk
9488,Jan Wozniak,Gdansk
9489,Kasia Wozniak,Warsaw
9490,Kasia Zielinski,gdansk
9491,Anna Smith,Gdansk
9492,Kasia Zielinski,Poznan
9493,Maria Kowalski,Gdansk
9494,John Smith,Krakow
9495,John Wozniak,warsaw
9496,John Nowak,gdansk
9497,Marek Kowalski,gdansk
9498,Kasia Wozniak,Krakow
9499,John Wozniak,Gdansk
9500,Kasia Kowalski,Gdansk
9501,Marek Smith,Gdansk
9502,Marek Nowak,warsaw
9503,Piotr Wozniak,warsaw
9504,Piotr Zielinski,Gdansk
9505,Maria Zielinski,warsaw
9506,Piotr Smith,warsaw
9507,Maria Smith,gdansk
9508,Kasia Nowak,Poznan
9509,Kasia Smith,warsaw
9510,Maria Zielinski,Warsaw
9511,Kasia Smith,gdansk
9512,Kasia Kowalski,Poznan
9513,Maria Wozniak,krakow
9514,Maria Smith,Warsaw
9515,Marek Wozniak,Gdansk
9516,Maria Wozniak,krakow
9517,Anna Zielinski,Warsaw
9518,Maria Zielinski,krakow
9519,Piotr Wozniak,Krakow
9520,Maria Smith,gdansk
9521,Maria Zielinski,Krakow
9522,Kasia Smith,Warsaw
9523,Maria Kowalski,Poznan
9524,Maria Zielinski,Poznan
9525,Piotr Nowak,krakow
9526,Kasia Kowalski,Krakow
9527,Marek Wozniak,Gdansk
9528,John Smith,warsaw
9529,Kasia Zielinski,Gdansk
9530,Marek Zielinski,Warsaw
9531,Kasia Smith,Poznan
9532,Maria Zielinski,Warsaw
9533,Piotr Smith,Krakow
9534,Anna Zielinski,warsaw
9535,John Zielinski,Poznan
9536,Kasia Nowak,Krakow
9537,Jan Nowak,Poznan
9538,Anna Kowalski,krakow
9539,Jan Wozniak,Warsaw
9540,Kasia Wozniak,Krakow
9541,Maria Zielinski,Warsaw
9542,Anna Zielinski,warsaw
9543,Piotr Zielinski,Poznan
9544,Piotr Smith,Gdansk
9545,Anna Kowalski,Warsaw
9546,Maria Zielinski,Gdansk
9547,Maria Kowalski,Poznan
9548,John Nowak,Krakow
9549,Kasia Smith,gdansk
9550,Marek Zielinski,Gdansk
9551,Jan Zielinski,Gdansk
9552,John Wozniak,Krakow
9553,Marek Nowak,Gdansk
9554,Piotr Wozniak,Poznan
9555,Jan Nowak,warsaw
9556,Kasia Smith,Warsaw
9557,Anna Nowak,warsaw
9558,Anna Smith,gdansk
9559,Kasia Wozniak,Warsaw
9560,Maria Zielinski,Krakow
9561,John Kowalski,Warsaw
9562,Piotr Wozniak,Krakow
9563,Anna Zielinski,Krakow
9564,Marek Zielinski,warsaw
9565,Marek Wozniak,Gdansk
9566,John Smith,krakow
9567,Kasia Zielinski,Warsaw
9568,Maria Wozniak,gdansk
9569,Anna Nowak,Gdansk
9570,Kasia Kowalski,krakow
9571,John Nowak,Warsaw
9572,Anna Kowalski,krakow
9573,Piotr Nowak,Warsaw
9574,Jan Smith,Krakow
9575,Piotr Smith,warsaw
9576,Maria Zielinski,Warsaw
9577,Kasia Wozniak,Krakow
9578,John Smith,krakow
9579,Maria Wozniak,Poznan
9580,Piotr Kowalski,Krakow
9581,Anna Wozniak,warsaw
9582,Marek Kowalski,Warsaw
9583,Piotr Smith,Gdansk
9584,Maria Wozniak,Poznan
9585,Kasia Kowalski,Krakow
9586,Kasia Kowalski,warsaw
9587,Marek Kowalski,Warsaw
9588,Maria Nowak,Krakow
9589,Jan Kowalski,gdansk
9590,John Smith,krakow
9591,Marek Nowak,Krakow
9592,Kasia Smith,krakow
9593,Kasia Smith,Gdansk
9594,Piotr Smith,Krakow
9595,Maria Kowalski,Gdansk
9596,Kasia Smith,warsaw
9597,Anna Kowalski,Gdansk
9598,Jan Smith,Warsaw
9599,Kasia Nowak,warsaw
9600,Piotr Smith,gdansk
9601,Piotr Kowalski,Warsaw
9602,Jan Zielinski,Warsaw
9603,Anna Kowalski,krakow
9604,Jan Kowalski,Warsaw
9605,Marek Nowak,gdansk
9606,Marek Wozniak,warsaw
9607,Marek Kowalski,gdansk
9608,Kasia Wozniak,warsaw
9609,Kasia Smith,Gdansk
9610,John Zielinski,gdansk
9611,Jan Zielinski,Krakow
9612,Maria Smith,gdansk
9613,John Smith,Gdansk
9614,Piotr Kowalski,warsaw
9615,Maria Smith,warsaw
9616,John Smith,warsaw
9617,John Smith,Warsaw
9618,Kasia Nowak,Gdansk
9619,Piotr Wozniak,Krakow
9620,Maria Nowak,krakow
9621,Anna Nowak,Krakow
9622,Anna Zielinski,Poznan
9623,John Nowak,Krakow
9624,Piotr Zielinski,Warsaw
9625,Piotr Wozniak,krakow
9626,Piotr Smith,krakow
9627,Jan Smith,gdansk
9628,Jan Smith,Poznan
9629,Jan Smith,krakow
9630,Marek Zielinski,gdansk
9631,John Smith,Warsaw
9632,Marek Wozniak,Warsaw
9633,Piotr Zielinski,Krakow
9634,John Zielinski,krakow
9635,Jan Smith,Krakow
9636,Marek Zielinski,warsaw
9637,Anna Smith,warsaw
9638,Kasia Zielinski,Gdansk
9639,Anna Kowalski,warsaw
9640,Anna Zielinski,warsaw
9641,Kasia Nowak,Poznan
9642,Marek Nowak,gdansk
9643,Jan Kowalski,Poznan
9644,John Zielinski,Gdansk
9645,Jan Wozniak,Warsaw
9646,Maria Wozniak,Gdansk
9647,Maria Kowalski,Poznan
9648,Maria Nowak,Krakow
9649,Marek Kowalski,krakow
9650,Maria Wozniak,warsaw
9651,Anna Smith,Poznan
9652,Maria Wozniak,warsaw
9653,Piotr Nowak,Krakow
9654,Jan Nowak,krakow
9655,John Smith,krakow
9656,Piotr Kowalski,Krakow
9657,John Kowalski,krakow
9658,Marek Zielinski,Warsaw
9659,Anna Zielinski,Gdansk
9660,Marek Nowak,Krakow
9661,Kasia Wozniak,warsaw
9662,Piotr Smith,Poznan
9663,Kasia Wozniak,Warsaw
9664,John Wozniak,krakow
9665,John Wozniak,warsaw
9666,Maria Wozniak,Gdansk
9667,Anna Smith,warsaw
9668,Jan Wozniak,warsaw
9669,Maria Zielinski,Gdansk
9670,Piotr Wozniak,gdansk
9671,Marek Wozniak,Krakow
9672,Piotr Nowak,Gdansk
9673,Maria Zielinski,Gdansk
9674,Marek Nowak,gdansk
9675,Anna Nowak,Warsaw
9676,Maria Zielinski,Gdansk
9677,Piotr Wozniak,warsaw
9678,Maria Nowak,Gdansk
9679,Jan Smith,warsaw
9680,Anna Nowak,Gdansk
9681,Maria Wozniak,gdansk
9682,Maria Smith,Krakow
9683,Jan Smith,krakow
9684,Piotr Zielinski,Poznan
9685,Maria Smith,Gdansk
9686,Marek Zielinski,gdansk
9687,Kasia Zielinski,Krakow
9688,Kasia Kowalski,Gdansk
9689,Piotr Wozniak,Krakow
9690,John Zielinski,Krakow
9691,Marek Zielinski,warsaw
9692,Maria Nowak,Poznan
9693,Maria Nowak,warsaw
9694,Jan Nowak,krakow
9695,John Zielinski,krakow
9696,John Zielinski,Gdansk
9697,John Nowak,Poznan
9698,Jan Smith,Gdansk
9699,Maria Kowalski,gdansk
9700,Maria Wozniak,Warsaw
9701,Kasia Nowak,Krakow
9702,Marek Zielinski,Gdansk
9703,Piotr Smith,Krakow
9704,Marek Nowak,Poznan
9705,Piotr Kowalski,krakow
9706,Kasia Kowalski,Gdansk
9707,Kasia Zielinski,Warsaw
9708,Anna Kowalski,gdansk
9709,Jan Nowak,warsaw
9710,Maria Zielinski,Krakow
9711,Marek Wozniak,Poznan
9712,Maria Nowak,Poznan
9713,Anna Zielinski,warsaw
9714,Maria Wozniak,Poznan
9715,Maria Nowak,Krakow
9716,Piotr Zielinski,Warsaw
9717,Marek Nowak,gdansk
9718,Marek Zielinski,gdansk
9719,Marek Zielinski,gdansk
9720,Marek Kowalski,Poznan
9721,Anna Wozniak,krakow
9722,Maria Nowak,Krakow
9723,Piotr Kowalski,Gdansk
9724,Marek Wozniak,krakow
9725,Maria Kowalski,warsaw
9726,Marek Smith,Warsaw
9727,John Smith,gdansk
9728,Maria Zielinski,Poznan
9729,Anna Wozniak,gdansk
9730,Anna Smith,warsaw
9731,Jan Wozniak,Warsaw
9732,John Nowak,Warsaw
9733,Maria Kowalski,Poznan
9734,Maria Nowak,Warsaw
9735,Jan Zielinski,warsaw
9736,Marek Zielinski,krakow
9737,Piotr Kowalski,gdansk
9738,Marek Smith,Krakow
9739,Anna Kowalski,gdansk
9740,Kasia Nowak,Gdansk
9741,Anna Zielinski,Krakow
9742,Marek Zielinski,Poznan
9743,Anna Zielinski,gdansk
9744,Anna Nowak,Krakow
9745,Piotr Nowak,warsaw
9746,Piotr Kowalski,gdansk
9747,Kasia Kowalski,krakow
9748,Anna Smith,gdansk
9749,Marek Zielinski,krakow
9750,Jan Wozniak,Poznan
9751,Kasia Kowalski,krakow
9752,Anna Kowalski,gdansk
9753,Piotr Zielinski,gdansk
9754,Maria Wozniak,Gdansk
9755,Jan Kowalski,Krakow
9756,Jan Zielinski,Warsaw
9757,John Nowak,gdansk
9758,Piotr Zielinski,Krakow
9759,Marek Wozniak,Warsaw
9760,Piotr Smith,krakow
9761,John Kowalski,Warsaw
9762,John Smith,Poznan
9763,Kasia Wozniak,warsaw
9764,Maria Wozniak,Gdansk
9765,Jan Smith,Krakow
9766,Marek Nowak,Warsaw
9767,Kasia Smith,warsaw
9768,Kasia Zielinski,Warsaw
9769,John Kowalski,Poznan
9770,Maria Kowalski,krakow
9771,Kasia Kowalski,krakow
9772,Anna Kowalski,Gdansk
9773,Maria Wozniak,Poznan
9774,John Wozniak,krakow
9775,Anna Smith,warsaw
9776,Piotr Kowalski,Gdansk
9777,Anna Wozniak,Poznan
9778,Piotr Smith,Warsaw
9779,Marek Wozniak,Warsaw
9780,Anna Nowak,Gdansk
9781,John Wozniak,Krakow
9782,John Kowalski,Krakow
9783,Maria Smith,krakow
9784,Marek Smith,Warsaw
9785,Piotr Nowak,Warsaw
9786,Jan Zielinski,Gdansk
9787,Anna Kowalski,krakow
9788,Jan Nowak,Krakow
9789,Jan Wozniak,krakow
9790,Jan Wozniak,warsaw
9791,Marek Zielinski,Poznan
9792,Anna Smith,gdansk
9793,Piotr Smith,krakow
9794,Anna Zielinski,Poznan
9795,Maria Kowalski,Gdansk
9796,Piotr Kowalski,Warsaw
9797,Maria Wozniak,Gdansk
9798,Marek Nowak,krakow
9799,Kasia Wozniak,Krakow
9800,John Zielinski,gdansk
9801,John Nowak,Gdansk
9802,Jan Kowalski,Gdansk
9803,Maria Smith,Gdansk
9804,Maria Wozniak,Poznan
9805,Piotr Smith,Poznan
9806,Piotr Nowak,Poznan
9807,John Kowalski,Poznan
9808,Marek Smith,Gdansk
9809,John Wozniak,warsaw
9810,Marek Wozniak,Warsaw
9811,Kasia Smith,warsaw
9812,Anna Wozniak,Poznan
9813,Maria Zielinski,Warsaw
9814,Marek Nowak,Poznan
9815,Kasia Smith,Poznan
9816,John Nowak,warsaw
9817,Piotr Kowalski,Gdansk
9818,Maria Zielinski,Warsaw
9819,Maria Wozniak,warsaw
9820,Maria Wozniak,krakow
9821,John Smith,Gdansk
9822,Jan Kowalski,warsaw
9823,Kasia Smith,Poznan
9824,Kasia Wozniak,Warsaw
9825,Marek Smith,Warsaw
9826,Jan Nowak,Gdansk
9827,Anna Zielinski,Warsaw
9828,Piotr Kowalski,Gdansk
9829,Marek Wozniak,Warsaw
9830,Jan Zielinski,warsaw
9831,Kasia Kowalski,Krakow
9832,Piotr Kowalski,Warsaw
9833,Piotr Nowak,gdansk
9834,Marek Kowalski,Poznan
9835,Marek Kowalski,Warsaw
9836,Maria Nowak,gdansk
9837,John Smith,krakow
9838,Kasia Kowalski,Warsaw
9839,Piotr Smith,Warsaw
9840,Anna Nowak,gdansk
9841,John Wozniak,gdansk
9842,Maria Smith,Warsaw
9843,Maria Kowalski,warsaw
9844,Piotr Smith,Poznan
9845,Jan Zielinski,gdansk
9846,Anna Nowak,Gdansk
9847,Kasia Zielinski,Krakow
9848,Anna Kowalski,warsaw
9849,Marek Smith,Gdansk
9850,Kasia Nowak,Gdansk
9851,John Zielinski,krakow
9852,Jan Wozniak,Krakow
9853,Marek Zielinski,krakow
9854,Jan Kowalski,warsaw
9855,Piotr Nowak,krakow
9856,Marek Smith,Poznan
9857,Jan Kowalski,Krakow
9858,Anna Smith,Poznan
9859,John Kowalski,warsaw
9860,Kasia Nowak,Warsaw
9861,Maria Zielinski,Warsaw
9862,Anna Kowalski,Krakow
9863,Kasia Zielinski,krakow
9864,Anna Wozniak,warsaw
9865,Anna Wozniak,Warsaw
9866,Jan Zielinski,krakow
9867,Kasia Kowalski,Warsaw
9868,Jan Nowak,Warsaw
9869,Maria Smith,Poznan
9870,Marek Kowalski,krakow
9871,Marek Wozniak,gdansk
9872,Jan Nowak,Gdansk
9873,Piotr Kowalski,krakow
9874,Maria Zielinski,Warsaw
9875,Anna Smith,krakow
9876,Kasia Zielinski,Krakow
9877,Anna Nowak,Warsaw
9878,Kasia Kowalski,warsaw
9879,Piotr Zielinski,Warsaw
9880,Anna Wozniak,warsaw
9881,Maria Wozniak,Warsaw
9882,Jan Nowak,gdansk
9883,Kasia Kowalski,warsaw
9884,Anna Nowak,warsaw
9885,Maria Wozniak,Gdansk
9886,Anna Zielinski,krakow
9887,Anna Wozniak,krakow
9888,Jan Kowalski,Warsaw
9889,Anna Smith,Krakow
9890,Marek Smith,gdansk
9891,Kasia Nowak,krakow
9892,Anna Zielinski,warsaw
9893,Maria Nowak,krakow
9894,Marek Nowak,krakow
9895,Piotr Smith,warsaw
9896,Kasia Nowak,warsaw
9897,Marek Kowalski,Poznan
9898,Piotr Smith,Poznan
9899,Marek Kowalski,warsaw
9900,Piotr Kowalski,Warsaw
9901,John Wozniak,Warsaw
9902,Jan Smith,warsaw
9903,Jan Zielinski,Krakow
9904,Marek Nowak,warsaw
9905,John Nowak,Gdansk
9906,Piotr Smith,gdansk
9907,Marek Wozniak,Poznan
9908,Marek Wozniak,warsaw
9909,Kasia Zielinski,Warsaw
9910,Jan Kowalski,krakow
9911,John Smith,Krakow
9912,Anna Kowalski,warsaw
9913,Kasia Wozniak,Warsaw
9914,John Wozniak,Gdansk
9915,Marek Smith,gdansk
9916,Maria Nowak,gdansk
9917,Jan Smith,Krakow
9918,Marek Smith,Gdansk
9919,Maria Smith,Warsaw
9920,Kasia Nowak,warsaw
9921,Anna Nowak,Gdansk
9922,John Nowak,Krakow
9923,Maria Zielinski,Poznan
9924,Anna Kowalski,Poznan
9925,Kasia Zielinski,krakow
9926,Marek Smith,gdansk
9927,Maria Zielinski,krakow
9928,Piotr Wozniak,Gdansk
9929,Kasia Zielinski,gdansk
9930,Kasia Kowalski,warsaw
9931,Kasia Wozniak,Warsaw
9932,Anna Zielinski,Gdansk
9933,Piotr Smith,krakow
9934,Piotr Nowak,Gdansk
9935,John Kowalski,krakow
9936,Marek Zielinski,Warsaw
9937,Maria Nowak,Gdansk
9938,Anna Wozniak,Krakow
9939,Maria Zielinski,warsaw
9940,Anna Wozniak,Krakow
9941,Anna Nowak,krakow
9942,Maria Zielinski,Poznan
9943,Marek Kowalski,krakow
9944,Maria Kowalski,Poznan
9945,Jan Smith,warsaw
9946,Piotr Zielinski,Krakow
9947,Maria Wozniak,Krakow
9948,Kasia Nowak,Gdansk
9949,Jan Nowak,warsaw
9950,Maria Zielinski,krakow
9951,Piotr Smith,krakow
9952,Jan Kowalski,gdansk
9953,Marek Nowak,warsaw
9954,Anna Kowalski,warsaw
9955,John Wozniak,gdansk
9956,John Kowalski,Poznan
9957,Anna Smith,Krakow
9958,Anna Kowalski,Poznan
9959,Jan Nowak,Warsaw
9960,Anna Nowak,Gdansk
9961,Maria Wozniak,warsaw
9962,Marek Smith,gdansk
9963,John Wozniak,krakow
9964,Jan Zielinski,Warsaw
9965,Maria Nowak,Warsaw
9966,Maria Zielinski,Gdansk
9967,Marek Zielinski,Warsaw
9968,Anna Smith,Warsaw
9969,Kasia Nowak,Warsaw
9970,Maria Nowak,krakow
9971,Maria Kowalski,Poznan
9972,Jan Kowalski,gdansk
9973,Kasia Kowalski,krakow
9974,John Zielinski,gdansk
9975,Maria Zielinski,gdansk
9976,Kasia Zielinski,Warsaw
9977,Kasia Nowak,Gdansk
9978,Marek Smith,Krakow
9979,Maria Nowak,Poznan
9980,Marek Zielinski,krakow
9981,Kasia Smith,krakow
9982,Jan Nowak,Warsaw
9983,Anna Zielinski,Poznan
9984,Marek Zielinski,Gdansk
9985,Piotr Kowalski,warsaw
9986,Kasia Nowak,Warsaw
9987,John Kowalski,krakow
9988,Anna Nowak,Gdansk
9989,Anna Smith,Warsaw
9990,John Zielinski,Gdansk
9991,John Smith,gdansk
9992,Piotr Smith,Gdansk
9993,Jan Zielinski,Poznan
9994,Piotr Kowalski,Warsaw
9995,Jan Smith,Poznan
9996,Marek Nowak,Warsaw
9997,Piotr Kowalski,Krakow
9998,Marek Kowalski,Krakow
9999,Kasia Wozniak,Warsaw
10000,Kasia Smith,krakow
